TIME PERIOD,PRODUCT,TOTAL DOLS (000),NETWORK TV DOLS (000),CABLE TV DOLS (000),SYNDICATION DOLS (000),SPOT TV DOLS (000),MAGAZINES DOLS (000),SUNDAY MAGS DOLS (000),NATL NEWSP DOLS (000),NEWSPAPER DOLS (000),NETWORK RADIO DOLS (000),NAT SPOT RADIO DOLS (000),OUTDOOR DOLS (000)
"WEEK OF OCT 07, 2013 (B)",Hulu : Online,47.8,0,0,0,47.8,0,0,0,0,0,0,0
"WEEK OF OCT 07, 2013 (B)",Hulu Online & Hulu Plus Online : Combo,4.2,0,0,0,4.2,0,0,0,0,0,0,0
"WEEK OF OCT 07, 2013 (B)",Hulu Plus : Online,763.2,0,363.8,379.9,19.5,0,0,0,0,0,0,0
"WEEK OF OCT 14, 2013 (B)",Hulu : Online,40,0,0,0,40,0,0,0,0,0,0,0
"WEEK OF OCT 14, 2013 (B)",Hulu Online & Hulu Plus Online : Combo,3.6,0,0,0,3.6,0,0,0,0,0,0,0
"WEEK OF OCT 14, 2013 (B)",Hulu Plus : Online,576.2,0,325.1,250.5,0.6,0,0,0,0,0,0,0
"WEEK OF OCT 21, 2013 (B)",Hulu : Online,40.1,0,0,0,40.1,0,0,0,0,0,0,0
"WEEK OF OCT 21, 2013 (B)",Hulu Online & Hulu Plus Online : Combo,4.1,0,0,0,4.1,0,0,0,0,0,0,0
"WEEK OF OCT 21, 2013 (B)",Hulu Plus : Online,624.1,0,369.8,253.9,0.3,0,0,0,0,0,0,0
"WEEK OF OCT 28, 2013 (B)",Hulu : Online,203.3,0,0,0,44.4,0,0,0,0,1.7,0,157.2
"WEEK OF OCT 28, 2013 (B)",Hulu Online & Hulu Plus Online : Combo,1.1,0,0,0,1.1,0,0,0,0,0,0,0
"WEEK OF OCT 28, 2013 (B)",Hulu Plus : Online,849.6,0,400.6,143.3,0.4,0,0,0,0,0,0,305.3
"WEEK OF OCT 28, 2013 (B)",Hulu-Wrong Mans : Online,101,0,0,0,0,0,0,0,0,0,0,101
"WEEK OF NOV 04, 2013 (B)",Hulu : Online,46.8,0,0,0,42.8,0,0,0,0,4,0,0
"WEEK OF NOV 04, 2013 (B)",Hulu Online & Hulu Plus Online : Combo,5.3,0,0,0,5.3,0,0,0,0,0,0,0
"WEEK OF NOV 04, 2013 (B)",Hulu Plus : Online,985.9,430.8,402.3,152.6,0.2,0,0,0,0,0,0,0
"WEEK OF NOV 11, 2013 (B)",Hulu : Online,39.4,0,0,0,35.4,0,0,0,0,4,0,0
"WEEK OF NOV 11, 2013 (B)",Hulu Online & Hulu Plus Online : Combo,3.8,0,0,0,3.8,0,0,0,0,0,0,0
"WEEK OF NOV 11, 2013 (B)",Hulu Plus : Online,872.1,85.8,558,228,0.3,0,0,0,0,0,0,0
"WEEK OF NOV 18, 2013 (B)",Hulu : Online,120.2,0,0,0,116.2,0,0,0,0,4,0,0
"WEEK OF NOV 18, 2013 (B)",Hulu Online & Hulu Plus Online : Combo,1.1,0,0,0,1.1,0,0,0,0,0,0,0
"WEEK OF NOV 18, 2013 (B)",Hulu Plus : Online,1867.9,896.7,664.1,284.6,22.6,0,0,0,0,0,0,0
"WEEK OF NOV 25, 2013 (B)",Hulu : Online,224.1,0,0,0,204.9,0,0,0,0,13.8,0,5.4
"WEEK OF NOV 25, 2013 (B)",Hulu Latino : Online,0.4,0,0,0,0,0,0,0,0,0,0.4,0
"WEEK OF NOV 25, 2013 (B)",Hulu Online & Hulu Plus Online : Combo,1.1,0,0,0,1.1,0,0,0,0,0,0,0
"WEEK OF NOV 25, 2013 (B)",Hulu Plus : Online,2343.2,1231.1,726.5,363.8,21.8,0,0,0,0,0,0,0
"WEEK OF NOV 25, 2013 (B)",Hulu-Wrong Mans : Online,0.5,0,0,0,0,0,0,0,0,0,0,0.5
"WEEK OF DEC 02, 2013 (B)",Hulu : Online,313.9,0,0,0,241.4,0,0,0,0,72.5,0,0
"WEEK OF DEC 02, 2013 (B)",Hulu Latino : Online,3,0,0,0,0,0,0,0,0,0,3,0
"WEEK OF DEC 02, 2013 (B)",Hulu Online & Hulu Plus Online : Combo,1.5,0,0,0,1.5,0,0,0,0,0,0,0
"WEEK OF DEC 02, 2013 (B)",Hulu Plus : Online,1195.8,143.3,664.3,376.1,12.1,0,0,0,0,0,0,0
"WEEK OF DEC 09, 2013 (B)",Hulu : Online,213.8,0,0,0,141.3,0,0,0,0,72.5,0,0
"WEEK OF DEC 09, 2013 (B)",Hulu Latino : Online,3,0,0,0,0,0,0,0,0,0,3,0
"WEEK OF DEC 09, 2013 (B)",Hulu Online & Hulu Plus Online : Combo,2.6,0,0,0,2.6,0,0,0,0,0,0,0
"WEEK OF DEC 09, 2013 (B)",Hulu Plus : Online,1453,885,321.3,230.8,15.9,0,0,0,0,0,0,0
"WEEK OF DEC 16, 2013 (B)",Hulu : Online,210.5,0,0,0,138.1,0,0,0,0,72.5,0,0
"WEEK OF DEC 16, 2013 (B)",Hulu Latino : Online,3,0,0,0,0,0,0,0,0,0,3,0
"WEEK OF DEC 16, 2013 (B)",Hulu Online & Hulu Plus Online : Combo,3.5,0,0,0,3.5,0,0,0,0,0,0,0
"WEEK OF DEC 16, 2013 (B)",Hulu Plus : Online,630.5,66.9,325.7,226,11.9,0,0,0,0,0,0,0
"WEEK OF DEC 23, 2013 (B)",Hulu : Online,200.6,0,0,0,128.1,0,0,0,0,72.5,0,0
"WEEK OF DEC 23, 2013 (B)",Hulu Latino : Online,3,0,0,0,0,0,0,0,0,0,3,0
"WEEK OF DEC 23, 2013 (B)",Hulu Online & Hulu Plus Online : Combo,8.5,0,0,0,8.5,0,0,0,0,0,0,0
"WEEK OF DEC 23, 2013 (B)",Hulu Plus : Online,1552.5,383.8,946.3,220.9,1.5,0,0,0,0,0,0,0
"WEEK OF DEC 30, 2013 (B)",Hulu : Online,109.7,0,0,0,89,0,0,0,0,20.7,0,0
"WEEK OF DEC 30, 2013 (B)",Hulu Latino : Online,2.1,0,0,0,0,0,0,0,0,0,2.1,0
"WEEK OF DEC 30, 2013 (B)",Hulu Plus : Online,2158.2,0,1049.8,1102.5,5.9,0,0,0,0,0,0,0
"WEEK OF JAN 06, 2014 (B)",Hulu : Online,95.3,0,0,0,95.3,0,0,0,0,0,0,0
"WEEK OF JAN 06, 2014 (B)",Hulu Latino : Online,1.7,0,0,0,0,0,0,0,0,0,1.7,0
"WEEK OF JAN 06, 2014 (B)",Hulu Plus : Online,494.3,0,443.8,49.5,1.1,0,0,0,0,0,0,0
"WEEK OF JAN 13, 2014 (B)",Hulu : Online,70.7,0,0,0,70.7,0,0,0,0,0,0,0
"WEEK OF JAN 13, 2014 (B)",Hulu Latino : Online,1.7,0,0,0,0,0,0,0,0,0,1.7,0
"WEEK OF JAN 13, 2014 (B)",Hulu Plus : Online,439.5,0,425.8,0,13.7,0,0,0,0,0,0,0
"WEEK OF JAN 20, 2014 (B)",Hulu : Online,44.9,0,0,0,44.9,0,0,0,0,0,0,0
"WEEK OF JAN 20, 2014 (B)",Hulu Latino : Online,1.7,0,0,0,0,0,0,0,0,0,1.7,0
"WEEK OF JAN 20, 2014 (B)",Hulu Plus : Online,674.1,76,396.1,188.9,13.1,0,0,0,0,0,0,0
"WEEK OF JAN 27, 2014 (B)",Hulu : Online,11.6,0,0,0,11.6,0,0,0,0,0,0,0
"WEEK OF JAN 27, 2014 (B)",Hulu Latino : Online,1.2,0,0,0,0,0,0,0,0,0,1.2,0
"WEEK OF JAN 27, 2014 (B)",Hulu Plus : Online,305.8,0,210.7,85.3,9.8,0,0,0,0,0,0,0
"WEEK OF FEB 03, 2014 (B)",Hulu Plus : Online,102.4,0,0,102.4,0,0,0,0,0,0,0,0
"WEEK OF FEB 10, 2014 (B)",Hulu Plus : Online,87.9,0,0,87.9,0,0,0,0,0,0,0,0
"WEEK OF FEB 17, 2014 (B)",Hulu Plus : Online,109.4,0,0,109.4,0,0,0,0,0,0,0,0
"WEEK OF FEB 24, 2014 (B)",Hulu Plus : Online,541.8,0,221.2,25.8,2.8,0,0,0,0,0,0,292
"WEEK OF FEB 24, 2014 (B)",Hulu-Deadbeat : Online,48.7,0,0,0,0,0,0,0,0,0,0,48.7
"WEEK OF MAR 03, 2014 (B)",Hulu Plus : Online,415.6,0,389.6,26,0,0,0,0,0,0,0,0
"WEEK OF MAR 10, 2014 (B)",Hulu Plus : Online,466.5,0,262.2,193.6,10.7,0,0,0,0,0,0,0
"WEEK OF MAR 17, 2014 (B)",Hulu Plus : Online,454.9,0,287.4,151,16.5,0,0,0,0,0,0,0
"WEEK OF MAR 24, 2014 (B)",Hulu : Online,8.9,0,0,0,8.9,0,0,0,0,0,0,0
"WEEK OF MAR 24, 2014 (B)",Hulu Plus : Online,325.2,0,275.3,26,23.9,0,0,0,0,0,0,0
"WEEK OF MAR 31, 2014 (B)",Hulu : Online,200.5,0,0,0,24.1,0,0,0,0,0,0,176.4
"WEEK OF MAR 31, 2014 (B)",Hulu Plus : Online,666.5,0,295,50.4,86.5,0,0,0,0,0,0,234.5
"WEEK OF MAR 31, 2014 (B)",Hulu-Deadbeat : Online,58.8,0,0,0,0,0,0,0,0,0,0,58.8
"WEEK OF APR 07, 2014 (B)",Hulu : Online,359.7,0,337.7,0,22,0,0,0,0,0,0,0
"WEEK OF APR 07, 2014 (B)",Hulu Plus : Online,336.5,0,278.5,0,58,0,0,0,0,0,0,0
"WEEK OF APR 14, 2014 (B)",Hulu : Online,15.3,0,0,0,15.3,0,0,0,0,0,0,0
"WEEK OF APR 14, 2014 (B)",Hulu Plus : Online,384.6,0,352.7,0,31.9,0,0,0,0,0,0,0
"WEEK OF APR 21, 2014 (B)",Hulu : Online,21,0,0,0,21,0,0,0,0,0,0,0
"WEEK OF APR 21, 2014 (B)",Hulu Plus : Online,596.3,0,410.5,138.2,47.6,0,0,0,0,0,0,0
"WEEK OF APR 28, 2014 (B)",Hulu : Online,19.6,0,0,0,19.6,0,0,0,0,0,0,0
"WEEK OF APR 28, 2014 (B)",Hulu Plus : Online,390.9,0,346.9,0,44,0,0,0,0,0,0,0
"WEEK OF MAY 05, 2014 (B)",Hulu : Online,24.9,0,0,0,24.9,0,0,0,0,0,0,0
"WEEK OF MAY 05, 2014 (B)",Hulu Plus : Online,31.4,0,0,0,31.4,0,0,0,0,0,0,0
"WEEK OF MAY 12, 2014 (B)",Hulu : Online,1.7,0,0,0,1.7,0,0,0,0,0,0,0
"WEEK OF MAY 12, 2014 (B)",Hulu Plus : Online,365.6,0,301.8,0,63.8,0,0,0,0,0,0,0
"WEEK OF MAY 19, 2014 (B)",Hulu Plus : Online,527.4,0,421.9,20.7,84.8,0,0,0,0,0,0,0
"WEEK OF MAY 26, 2014 (B)",Hulu Plus : Online,804.9,0,420.9,282.2,101.8,0,0,0,0,0,0,0
"WEEK OF JUN 02, 2014 (B)",Hulu Plus : Online,534.4,0,372.5,10.9,151,0,0,0,0,0,0,0
"WEEK OF JUN 09, 2014 (B)",Hulu Plus : Online,567,0,440.5,0,126.5,0,0,0,0,0,0,0
"WEEK OF JUN 16, 2014 (B)",Hulu Plus : Online,535,0,271.6,161.4,102,0,0,0,0,0,0,0
"WEEK OF JUN 23, 2014 (B)",Hulu Plus : Online,877.7,0,265.5,494.6,117.6,0,0,0,0,0,0,0
"WEEK OF JUN 30, 2014 (B)",Hulu : Online,11.5,0,0,0,0,0,0,0,0,0,0,11.5
"WEEK OF JUN 30, 2014 (B)",Hulu Plus : Online,1049.2,0,406.5,520.1,122.6,0,0,0,0,0,0,0
"WEEK OF JUN 30, 2014 (B)",Hulu-Awesomes : Online,7.4,0,0,0,0,0,0,0,0,0,1.5,5.9
"WEEK OF JUN 30, 2014 (B)",Hulu-East Los High : Online,18.7,0,0,0,0,0,0,0,0,0,0.4,18.3
"WEEK OF JUL 07, 2014 (B)",Hulu Plus : Online,650.8,0,354.8,221.7,74.3,0,0,0,0,0,0,0
"WEEK OF JUL 07, 2014 (B)",Hulu-Awesomes : Online,1.8,0,0,0,0,0,0,0,0,0,1.8,0
"WEEK OF JUL 07, 2014 (B)",Hulu-East Los High : Online,0.5,0,0,0,0,0,0,0,0,0,0.5,0
"WEEK OF JUL 14, 2014 (B)",Hulu Plus : Online,642.5,0,358.5,264.4,19.6,0,0,0,0,0,0,0
"WEEK OF JUL 14, 2014 (B)",Hulu-Awesomes : Online,1.8,0,0,0,0,0,0,0,0,0,1.8,0
"WEEK OF JUL 14, 2014 (B)",Hulu-East Los High : Online,0.5,0,0,0,0,0,0,0,0,0,0.5,0
"WEEK OF JUL 21, 2014 (B)",Hulu Plus : Online,460,0,278.7,181,0.3,0,0,0,0,0,0,0
"WEEK OF JUL 21, 2014 (B)",Hulu-Awesomes : Online,1.8,0,0,0,0,0,0,0,0,0,1.8,0
"WEEK OF JUL 21, 2014 (B)",Hulu-East Los High : Online,0.5,0,0,0,0,0,0,0,0,0,0.5,0
"WEEK OF JUL 28, 2014 (B)",Hulu : Online,85.8,0,33.4,0,0,0,0,0,0,0,0,52.5
"WEEK OF JUL 28, 2014 (B)",Hulu Plus : Online,636.1,0,308,327.1,1,0,0,0,0,0,0,0
"WEEK OF JUL 28, 2014 (B)",Hulu-Awesomes : Online,4.6,0,0,0,0,0,0,0,0,0,1,3.6
"WEEK OF JUL 28, 2014 (B)",Hulu-East Los High : Online,0.3,0,0,0,0,0,0,0,0,0,0.3,0
"WEEK OF AUG 04, 2014 (B)",Hulu : Online,622.7,24.8,348.9,247.5,1.5,0,0,0,0,0,0,0
"WEEK OF AUG 04, 2014 (B)",Hulu Plus : Online,551.9,90.4,326.9,105.1,29.5,0,0,0,0,0,0,0
"WEEK OF AUG 11, 2014 (B)",Hulu Plus : Online,639.6,218,256.5,131.8,33.3,0,0,0,0,0,0,0
"WEEK OF AUG 18, 2014 (B)",Hulu Plus : Online,416.8,80.2,245.5,65.8,25.3,0,0,0,0,0,0,0
"WEEK OF AUG 25, 2014 (B)",Hulu Plus : Online,577.1,270.1,245.4,40.6,21,0,0,0,0,0,0,0
"WEEK OF SEP 01, 2014 (B)",Hulu Plus : Online,832.3,258.3,468.5,50.8,54.7,0,0,0,0,0,0,0
"WEEK OF SEP 08, 2014 (B)",Hulu : Online,0.2,0,0,0,0.2,0,0,0,0,0,0,0
"WEEK OF SEP 08, 2014 (B)",Hulu Plus : Online,481.7,125.5,292.2,27.2,36.8,0,0,0,0,0,0,0
"WEEK OF SEP 15, 2014 (B)",Hulu : Online,8.2,0,0.1,5.2,2.9,0,0,0,0,0,0,0
"WEEK OF SEP 15, 2014 (B)",Hulu Plus : Online,496.5,248.6,247.9,0,0,0,0,0,0,0,0,0
"WEEK OF SEP 22, 2014 (B)",Hulu : Online,5.3,0,0,5.2,0.1,0,0,0,0,0,0,0
"WEEK OF SEP 22, 2014 (B)",Hulu Plus : Online,615.2,285,303,27.2,0,0,0,0,0,0,0,0
"WEEK OF SEP 22, 2014 (B)",Hulu-Jack Hannas Wild Countdown : Online,0.2,0,0,0,0.2,0,0,0,0,0,0,0
"WEEK OF SEP 29, 2014 (B)",Hulu : Online,431.8,354.9,72.7,3.8,0.5,0,0,0,0,0,0,0
"WEEK OF SEP 29, 2014 (B)",Hulu Plus : Online,188,0,168.2,19.7,0.1,0,0,0,0,0,0,0
"WEEK OF SEP 29, 2014 (B)",Hulu-Jack Hannas Wild Countdown : Online,0.2,0,0,0,0.2,0,0,0,0,0,0,0
"WEEK OF OCT 06, 2014 (B)",Hulu : Online,834.1,720.4,112.3,1.2,0.3,0,0,0,0,0,0,0
"WEEK OF OCT 06, 2014 (B)",Hulu Plus : Online,161.5,0,143.4,17,1.2,0,0,0,0,0,0,0
"WEEK OF OCT 06, 2014 (B)",Hulu-Jack Hannas Wild Countdown : Online,0.2,0,0,0,0.2,0,0,0,0,0,0,0
"WEEK OF OCT 13, 2014 (B)",Hulu : Online,1470.8,1090.4,380.4,0,0,0,0,0,0,0,0,0
"WEEK OF OCT 13, 2014 (B)",Hulu Plus : Online,605,188.8,209.2,206.4,0.7,0,0,0,0,0,0,0
"WEEK OF OCT 13, 2014 (B)",Hulu-Jack Hannas Wild Countdown : Online,0.2,0,0,0,0.2,0,0,0,0,0,0,0
"WEEK OF OCT 20, 2014 (B)",Hulu : Online,2006.7,1678.5,328.2,0,0,0,0,0,0,0,0,0
"WEEK OF OCT 20, 2014 (B)",Hulu Plus : Online,702.7,210.9,239.8,244,8,0,0,0,0,0,0,0
"WEEK OF OCT 20, 2014 (B)",Hulu-Jack Hannas Wild Countdown : Online,0.5,0,0,0,0.5,0,0,0,0,0,0,0
"WEEK OF OCT 27, 2014 (B)",Hulu : Online,445,395,48.3,1.6,0.1,0,0,0,0,0,0,0
"WEEK OF OCT 27, 2014 (B)",Hulu Plus : Online,1131.9,350,315.1,455.8,11,0,0,0,0,0,0,0
"WEEK OF OCT 27, 2014 (B)",Hulu-Jack Hannas Wild Countdown : Online,0.5,0,0,0,0.5,0,0,0,0,0,0,0
"WEEK OF NOV 03, 2014 (B)",Hulu : Online,723.4,648,73.7,1.6,0.1,0,0,0,0,0,0,0
"WEEK OF NOV 03, 2014 (B)",Hulu Plus : Online,585.1,164.7,320.4,99.5,0.5,0,0,0,0,0,0,0
"WEEK OF NOV 03, 2014 (B)",Hulu-Jack Hannas Wild Countdown : Online,0.5,0,0,0,0.5,0,0,0,0,0,0,0
"WEEK OF NOV 10, 2014 (B)",Hulu : Online,780.3,737.1,41.5,1.6,0.1,0,0,0,0,0,0,0
"WEEK OF NOV 10, 2014 (B)",Hulu Plus : Online,369.2,0,287.1,80.3,1.8,0,0,0,0,0,0,0
"WEEK OF NOV 10, 2014 (B)",Hulu-Jack Hannas Wild Countdown : Online,0.5,0,0,0,0.5,0,0,0,0,0,0,0
"WEEK OF NOV 17, 2014 (B)",Hulu : Online,322.3,304.5,4.6,1.6,11.6,0,0,0,0,0,0,0
"WEEK OF NOV 17, 2014 (B)",Hulu Plus : Online,903.3,473.8,358.1,71.2,0.3,0,0,0,0,0,0,0
"WEEK OF NOV 17, 2014 (B)",Hulu-Jack Hannas Wild Countdown : Online,0.5,0,0,0,0.5,0,0,0,0,0,0,0
"WEEK OF NOV 24, 2014 (B)",Hulu : Online,61,0,0,7,54.1,0,0,0,0,0,0,0
"WEEK OF NOV 24, 2014 (B)",Hulu Plus : Online,1943.4,1548.9,269.5,124.8,0.2,0,0,0,0,0,0,0
"WEEK OF DEC 01, 2014 (B)",Hulu : Online,292.8,192.4,5.8,5.3,89.3,0,0,0,0,0,0,0
"WEEK OF DEC 01, 2014 (B)",Hulu Plus : Online,1590.7,1185.7,212.1,191.1,1.7,0,0,0,0,0,0,0
"WEEK OF DEC 08, 2014 (B)",Hulu : Online,1582.2,1179.1,151.3,184.4,67.4,0,0,0,0,0,0,0
"WEEK OF DEC 08, 2014 (B)",Hulu Plus : Online,37,0,31.1,0,5.9,0,0,0,0,0,0,0
"WEEK OF DEC 15, 2014 (B)",Hulu : Online,439.1,0,210.1,163.8,65.1,0,0,0,0,0,0,0
"WEEK OF DEC 15, 2014 (B)",Hulu Plus : Online,4.2,0,1.6,0,2.7,0,0,0,0,0,0,0
"WEEK OF DEC 22, 2014 (B)",Hulu : Online,735,169.7,317.2,151,97.1,0,0,0,0,0,0,0
"WEEK OF DEC 22, 2014 (B)",Hulu Plus : Online,21.7,0,19.4,0,2.3,0,0,0,0,0,0,0
"WEEK OF DEC 29, 2014 (B)",Hulu : Online,1457.1,172.6,754.3,331.6,198.6,0,0,0,0,0,0,0
"WEEK OF DEC 29, 2014 (B)",Hulu Plus : Online,100.1,0,42.2,55.2,2.7,0,0,0,0,0,0,0
"WEEK OF JAN 05, 2015 (B)",Hulu : Online,529.5,0,399.7,14.9,115,0,0,0,0,0,0,0
"WEEK OF JAN 05, 2015 (B)",Hulu Plus : Online,12.7,0,0,0,12.7,0,0,0,0,0,0,0
"WEEK OF JAN 05, 2015 (B)",Hulu-Soy Tu Duena : Online,22,0,0,0,22,0,0,0,0,0,0,0
"WEEK OF JAN 12, 2015 (B)",Hulu : Online,415.2,0,413.2,2,0.1,0,0,0,0,0,0,0
"WEEK OF JAN 12, 2015 (B)",Hulu Plus : Online,7.4,0,0,0,7.4,0,0,0,0,0,0,0
"WEEK OF JAN 12, 2015 (B)",Hulu-Soy Tu Duena : Online,19.2,0,0,0,19.2,0,0,0,0,0,0,0
"WEEK OF JAN 19, 2015 (B)",Hulu : Online,989,483.1,487.3,18.6,0,0,0,0,0,0,0,0
"WEEK OF JAN 19, 2015 (B)",Hulu Plus : Online,0.1,0,0,0,0.1,0,0,0,0,0,0,0
"WEEK OF JAN 19, 2015 (B)",Hulu-Soy Tu Duena : Online,53.8,0,0,0,53.8,0,0,0,0,0,0,0
"WEEK OF JAN 26, 2015 (B)",Hulu : Online,2625,2120.6,458.6,38.2,7.4,0,0,0,0,0,0.2,0
"WEEK OF JAN 26, 2015 (B)",Hulu Plus : Online,33.6,0,0,0,33.6,0,0,0,0,0,0,0
"WEEK OF JAN 26, 2015 (B)",Hulu-Soy Tu Duena : Online,85.6,0,0,0,85.6,0,0,0,0,0,0,0
"WEEK OF FEB 02, 2015 (B)",Hulu : Online,913,395.3,367.3,142.4,6.6,0,0,0,0,0,1.5,0
"WEEK OF FEB 02, 2015 (B)",Hulu Plus : Online,34.1,0,0,0,34.1,0,0,0,0,0,0,0
"WEEK OF FEB 02, 2015 (B)",Hulu-Jack Hannas Wild Countdown : Online,3.8,0,0,3.8,0,0,0,0,0,0,0,0
"WEEK OF FEB 02, 2015 (B)",Hulu-Soy Tu Duena : Online,126.2,0,0,0,126.2,0,0,0,0,0,0,0
"WEEK OF FEB 09, 2015 (B)",Hulu : Online,1334.2,840,428,45,19.7,0,0,0,0,0,1.5,0
"WEEK OF FEB 09, 2015 (B)",Hulu Plus : Online,22.3,0,0,0,22.3,0,0,0,0,0,0,0
"WEEK OF FEB 09, 2015 (B)",Hulu-Soy Tu Duena : Online,45.7,0,0,0,45.7,0,0,0,0,0,0,0
"WEEK OF FEB 09, 2015 (B)",Hulu-Triunfo Del Amor : Online,1.1,0,0,0,1.1,0,0,0,0,0,0,0
"WEEK OF FEB 16, 2015 (B)",Hulu : Online,1287.7,744,432.9,87.9,21.4,0,0,0,0,0,1.5,0
"WEEK OF FEB 16, 2015 (B)",Hulu Plus : Online,18,0,0,0,18,0,0,0,0,0,0,0
"WEEK OF FEB 16, 2015 (B)",Hulu-Jack Hannas Wild Countdown : Online,3.8,0,0,3.8,0,0,0,0,0,0,0,0
"WEEK OF FEB 16, 2015 (B)",Hulu-Soy Tu Duena : Online,58.6,0,0,0,58.6,0,0,0,0,0,0,0
"WEEK OF FEB 16, 2015 (B)",Hulu-Triunfo Del Amor : Online,0.2,0,0,0,0.2,0,0,0,0,0,0,0
"WEEK OF FEB 23, 2015 (B)",Hulu : Online,1551.6,691.3,515.9,304.1,39,0,0,0,0,0,1.3,0
"WEEK OF FEB 23, 2015 (B)",Hulu Plus : Online,31.7,0,0,0,31.7,0,0,0,0,0,0,0
"WEEK OF FEB 23, 2015 (B)",Hulu-Jack Hannas Wild Countdown : Online,3.8,0,0,3.8,0,0,0,0,0,0,0,0
"WEEK OF FEB 23, 2015 (B)",Hulu-Soy Tu Duena : Online,81.7,0,0,0,81.7,0,0,0,0,0,0,0
"WEEK OF FEB 23, 2015 (B)",Hulu-Triunfo Del Amor : Online,0.1,0,0,0,0.1,0,0,0,0,0,0,0
"WEEK OF MAR 02, 2015 (B)",Hulu : Online,1178.7,589.2,400.7,183.9,5,0,0,0,0,0,0,0
"WEEK OF MAR 02, 2015 (B)",Hulu Plus : Online,38,0,0,0,38,0,0,0,0,0,0,0
"WEEK OF MAR 02, 2015 (B)",Hulu-Jack Hannas Wild Countdown : Online,3.8,0,0,3.8,0,0,0,0,0,0,0,0
"WEEK OF MAR 02, 2015 (B)",Hulu-Soy Tu Duena : Online,149.9,0,0,0,149.9,0,0,0,0,0,0,0
"WEEK OF MAR 09, 2015 (B)",Hulu : Online,1142.3,602.1,402.9,131.8,5.5,0,0,0,0,0,0,0
"WEEK OF MAR 09, 2015 (B)",Hulu Plus : Online,26.1,0,0,0,26.1,0,0,0,0,0,0,0
"WEEK OF MAR 09, 2015 (B)",Hulu-Soy Tu Duena : Online,91.6,0,0,0,91.6,0,0,0,0,0,0,0
"WEEK OF MAR 16, 2015 (B)",Hulu : Online,1125.6,531.9,391.1,200.2,2.4,0,0,0,0,0,0,0
"WEEK OF MAR 16, 2015 (B)",Hulu Plus : Online,33.9,0,12.7,0,21.2,0,0,0,0,0,0,0
"WEEK OF MAR 16, 2015 (B)",Hulu-Jack Hannas Wild Countdown : Online,3.8,0,0,3.8,0,0,0,0,0,0,0,0
"WEEK OF MAR 16, 2015 (B)",Hulu-Soy Tu Duena : Online,69.3,0,0,0,69.3,0,0,0,0,0,0,0
"WEEK OF MAR 23, 2015 (B)",Hulu : Online,973.7,380.4,491.2,84,18.1,0,0,0,0,0,0,0
"WEEK OF MAR 23, 2015 (B)",Hulu Plus : Online,24.6,0,7.4,0,17.2,0,0,0,0,0,0,0
"WEEK OF MAR 23, 2015 (B)",Hulu-Soy Tu Duena : Online,56.1,0,0,0,56.1,0,0,0,0,0,0,0
"WEEK OF MAR 30, 2015 (B)",Hulu : Corporate Promotion,94.2,0,0,0,0,0,0,0,0,0,0,94.2
"WEEK OF MAR 30, 2015 (B)",Hulu : Online,652.1,0,539.8,83.3,14.7,0,0,0,0,0,0,14.3
"WEEK OF MAR 30, 2015 (B)",Hulu Plus : Online,58.2,0,2.2,0,22.2,0,0,0,0,0,0,33.8
"WEEK OF MAR 30, 2015 (B)",Hulu-Deadbeat : Online,1.6,0,0,0,0,0,0,0,0,0,0,1.6
"WEEK OF MAR 30, 2015 (B)",Hulu-Jack Hannas Wild Countdown : Online,3.8,0,0,3.8,0,0,0,0,0,0,0,0
"WEEK OF MAR 30, 2015 (B)",Hulu-Soy Tu Duena : Online,95.9,0,0,0,95.9,0,0,0,0,0,0,0
"WEEK OF APR 06, 2015 (B)",Hulu : Online,758.7,360.1,359.3,31.1,8.3,0,0,0,0,0,0,0
"WEEK OF APR 06, 2015 (B)",Hulu Plus : Online,13.7,0,0,0,13.7,0,0,0,0,0,0,0
"WEEK OF APR 06, 2015 (B)",Hulu-Soy Tu Duena : Online,42,0,0,0,42,0,0,0,0,0,0,0
"WEEK OF APR 13, 2015 (B)",Hulu : Online,980.2,463.5,479.5,31.1,6.2,0,0,0,0,0,0,0
"WEEK OF APR 13, 2015 (B)",Hulu Plus : Online,3.4,0,0,0,3.4,0,0,0,0,0,0,0
"WEEK OF APR 13, 2015 (B)",Hulu-Empire : Online,75.6,0,75.6,0,0,0,0,0,0,0,0,0
"WEEK OF APR 13, 2015 (B)",Hulu-Soy Tu Duena : Online,6.5,0,0,0,6.5,0,0,0,0,0,0,0
"WEEK OF APR 20, 2015 (B)",Hulu : Online,1244.5,673.6,565.1,5.7,0.2,0,0,0,0,0,0,0
"WEEK OF APR 20, 2015 (B)",Hulu-Deadbeat : Online,126,0,126,0,0,0,0,0,0,0,0,0
"WEEK OF APR 20, 2015 (B)",Hulu-Empire : Online,75.6,0,75.6,0,0,0,0,0,0,0,0,0
"WEEK OF APR 27, 2015 (B)",Hulu : Online,289.1,0,176,58.2,19.2,0,0,0,0,0,0,35.7
"WEEK OF APR 27, 2015 (B)",Hulu-Deadbeat : Online,2.4,0,0,0,0,0,0,0,0,0,0,2.4
"WEEK OF APR 27, 2015 (B)",Hulu-Empire : Online,45.6,0,45.6,0,0,0,0,0,0,0,0,0
"WEEK OF APR 27, 2015 (B)",Hulu-Jack Hannas Wild Countdown : Online,3.7,0,0,3.7,0,0,0,0,0,0,0,0
"WEEK OF MAY 04, 2015 (B)",Hulu : Online,241.6,94,142,5.6,0,0,0,0,0,0,0,0
"WEEK OF MAY 11, 2015 (B)",Hulu : Online,825.2,584.1,235.9,0,5.2,0,0,0,0,0,0,0
"WEEK OF MAY 11, 2015 (B)",Hulu-Jack Hannas Wild Countdown : Online,3.7,0,0,3.7,0,0,0,0,0,0,0,0
"WEEK OF MAY 18, 2015 (B)",Hulu : Online,640.6,352,202.8,80.8,5,0,0,0,0,0,0,0
"WEEK OF MAY 25, 2015 (B)",Hulu : Online,841.9,252.9,209.2,379,0.8,0,0,0,0,0,0,0
"WEEK OF MAY 25, 2015 (B)",Hulu-Tyrant : Online,1.5,0,1.5,0,0,0,0,0,0,0,0,0
"WEEK OF JUN 01, 2015 (B)",Hulu : Online,1862.1,1186.4,136.1,26.7,12.7,0,0,0,0,0,0,500.2
"WEEK OF JUN 01, 2015 (B)",Hulu-Seinfeld : Online,29.3,0,0,0,0,0,0,0,0,0,27.8,1.5
"WEEK OF JUN 01, 2015 (B)",Hulu-Tyrant : Online,12.9,0,12.9,0,0,0,0,0,0,0,0,0
"WEEK OF JUN 08, 2015 (B)",Hulu : Online,451.8,281.6,160.9,9.3,0,0,0,0,0,0,0,0
"WEEK OF JUN 08, 2015 (B)",Hulu-Seinfeld : Online,27.8,0,0,0,0,0,0,0,0,0,27.8,0
"WEEK OF JUN 08, 2015 (B)",Hulu-Tyrant : Online,13.3,0,13.3,0,0,0,0,0,0,0,0,0
"WEEK OF JUN 15, 2015 (B)",Hulu : Online,140.4,0,131.2,9.3,0,0,0,0,0,0,0,0
"WEEK OF JUN 15, 2015 (B)",Hulu-Seinfeld : Online,27.8,0,0,0,0,0,0,0,0,0,27.8,0
"WEEK OF JUN 15, 2015 (B)",Hulu-Tyrant : Online,12.7,0,12.7,0,0,0,0,0,0,0,0,0
"WEEK OF JUN 22, 2015 (B)",Hulu : Online,482.4,0,471,9.3,2.2,0,0,0,0,0,0,0
"WEEK OF JUN 22, 2015 (B)",Hulu-Seinfeld : Online,83,0,55.2,0,0,0,0,0,0,0,27.8,0
"WEEK OF JUN 22, 2015 (B)",Hulu-Strain : Online,24.9,0,24.9,0,0,0,0,0,0,0,0,0
"WEEK OF JUN 22, 2015 (B)",Hulu-Tyrant : Online,8.1,0,8.1,0,0,0,0,0,0,0,0,0
"WEEK OF JUN 29, 2015 (B)",Hulu : Online,1258.1,0,301.9,9,0,0,0,0,0,0,0,947.2
"WEEK OF JUN 29, 2015 (B)",Hulu-Difficult People : Online,12.9,0,0,0,0,0,0,0,0,0,0,12.9
"WEEK OF JUN 29, 2015 (B)",Hulu-Seinfeld : Online,12.5,0,0,0,0,0,0,0,0,0,8,4.5
"WEEK OF JUN 29, 2015 (B)",Hulu-Strain : Online,27.8,0,27.8,0,0,0,0,0,0,0,0,0
"WEEK OF JUN 29, 2015 (B)",Hulu-Tyrant : Online,0.7,0,0.7,0,0,0,0,0,0,0,0,0
"WEEK OF JUL 06, 2015 (B)",Hulu : Online,278.8,0,278.8,0,0,0,0,0,0,0,0,0
"WEEK OF JUL 06, 2015 (B)",Hulu-Seinfeld : Online,225.4,0,0,0,0,225.4,0,0,0,0,0,0
"WEEK OF JUL 06, 2015 (B)",Hulu-Strain : Online,57.9,0,57.9,0,0,0,0,0,0,0,0,0
"WEEK OF JUL 06, 2015 (B)",Hulu-Tyrant : Online,7.6,0,7.6,0,0,0,0,0,0,0,0,0
"WEEK OF JUL 13, 2015 (B)",Hulu : Online,318.8,0,318.8,0,0,0,0,0,0,0,0,0
"WEEK OF JUL 13, 2015 (B)",Hulu-East Los High : Online,81.8,0,81.8,0,0,0,0,0,0,0,0,0
"WEEK OF JUL 13, 2015 (B)",Hulu-Seinfeld : Online,345.9,0,0,0,0,345.9,0,0,0,0,0,0
"WEEK OF JUL 13, 2015 (B)",Hulu-Tyrant : Online,12.5,0,12.5,0,0,0,0,0,0,0,0,0
"WEEK OF JUL 20, 2015 (B)",Hulu : Online,286.9,0,286.9,0,0,0,0,0,0,0,0,0
"WEEK OF JUL 20, 2015 (B)",Hulu-Hotwives Of Las Vegas : Online,41.3,0,0,0,0,41.3,0,0,0,0,0,0
"WEEK OF JUL 20, 2015 (B)",Hulu-Tyrant : Online,11.2,0,11.2,0,0,0,0,0,0,0,0,0
"WEEK OF JUL 27, 2015 (B)",Hulu : Online,769.2,0,270.3,0,0,0,0,0,0,0,5,493.9
"WEEK OF JUL 27, 2015 (B)",Hulu-Awesomes : Online,0.1,0,0,0,0,0,0,0,0,0,0,0.1
"WEEK OF JUL 27, 2015 (B)",Hulu-Difficult People : Online,148.1,0,89,0,0,0,0,0,0,0,0,59.1
"WEEK OF JUL 27, 2015 (B)",Hulu-Hotwives Of Las Vegas : Online,7,0,0,0,0,0,0,0,0,0,0,7
"WEEK OF AUG 03, 2015 (B)",Hulu : Online,480.7,0,463.3,0,0,0,0,0,0,0,17.5,0
"WEEK OF AUG 03, 2015 (B)",Hulu-Difficult People : Online,240.8,0,240.8,0,0,0,0,0,0,0,0,0
"WEEK OF AUG 10, 2015 (B)",Hulu : Online,252.5,0,234.9,0,0.1,0,0,0,0,0,17.5,0
"WEEK OF AUG 10, 2015 (B)",Hulu-Difficult People : Online,148.9,0,148.9,0,0,0,0,0,0,0,0,0
"WEEK OF AUG 17, 2015 (B)",Hulu : Online,518.8,0,501.3,0,0,0,0,0,0,0,17.5,0
"WEEK OF AUG 17, 2015 (B)",Hulu-Difficult People : Online,345.9,0,0,0,0,345.9,0,0,0,0,0,0
"WEEK OF AUG 24, 2015 (B)",Hulu : Online,447.9,0,430.3,0,0.1,0,0,0,0,0,17.5,0
"WEEK OF AUG 24, 2015 (B)",Hulu-Hotwives Of Las Vegas : Online,361.9,0,0,0,0,361.9,0,0,0,0,0,0
"WEEK OF AUG 24, 2015 (B)",Hulu-Youre The Worst : Online,4.6,0,4.6,0,0,0,0,0,0,0,0,0
"WEEK OF AUG 31, 2015 (B)",Hulu : Online,776,0,174.8,0,0.1,0,0,0,0,16,10.6,574.5
"WEEK OF AUG 31, 2015 (B)",Hulu Plus : Online,171.7,0,0,0,0,0,0,0,0,0,0,171.7
"WEEK OF AUG 31, 2015 (B)",Hulu-Awesomes : Online,1.6,0,0,0,0,0,0,0,0,0,0,1.6
"WEEK OF AUG 31, 2015 (B)",Hulu-Casual : Online,1.6,0,0,0,0,0,0,0,0,0,0,1.6
"WEEK OF AUG 31, 2015 (B)",Hulu-Hotwives Of Las Vegas : Online,37.3,0,0,0,0,31.3,0,0,0,0,0,6
"WEEK OF AUG 31, 2015 (B)",Hulu-Manhattan : Online,3.5,0,3.5,0,0,0,0,0,0,0,0,0
"WEEK OF AUG 31, 2015 (B)",Hulu-Mindy Project : Online,27.3,0,0,0,0,0,0,0,0,0,0,27.3
"WEEK OF AUG 31, 2015 (B)",Hulu-Youre The Worst : Online,10.5,0,10.5,0,0,0,0,0,0,0,0,0
"WEEK OF SEP 07, 2015 (B)",Hulu : Online,263,0,234.9,0,0,0,0,0,0,18.7,9.4,0
"WEEK OF SEP 07, 2015 (B)",Hulu-Hotwives Of Las Vegas : Online,87.2,0,0,0,0,87.2,0,0,0,0,0,0
"WEEK OF SEP 07, 2015 (B)",Hulu-Manhattan : Online,0.4,0,0.4,0,0,0,0,0,0,0,0,0
"WEEK OF SEP 07, 2015 (B)",Hulu-Youre The Worst : Online,11.5,0,11.5,0,0,0,0,0,0,0,0,0
"WEEK OF SEP 14, 2015 (B)",Hulu : Online,907,618.8,260.1,0,0,0,0,0,0,18.7,9.4,0
"WEEK OF SEP 14, 2015 (B)",Hulu-Difficult People : Online,129.6,0,0,0,0,0,129.6,0,0,0,0,0
"WEEK OF SEP 14, 2015 (B)",Hulu-Mindy Project : Online,120.1,0,120.1,0,0,0,0,0,0,0,0,0
"WEEK OF SEP 14, 2015 (B)",Hulu-Youre The Worst : Online,7.9,0,7.9,0,0,0,0,0,0,0,0,0
"WEEK OF SEP 21, 2015 (B)",Hulu : Online,636.2,371.4,236.7,0,0,0,0,0,0,18.7,9.4,0
"WEEK OF SEP 21, 2015 (B)",Hulu-Youre The Worst : Online,11.9,0,11.9,0,0,0,0,0,0,0,0,0
"WEEK OF SEP 28, 2015 (B)",Hulu : Online,521.4,321.1,96.1,0,0.2,0,0,0,0,18.3,4,81.6
"WEEK OF SEP 28, 2015 (B)",Hulu Plus : Online,601.7,0,0.3,0,0,0,0,0,0,0,0,601.4
"WEEK OF SEP 28, 2015 (B)",Hulu-Casual : Online,29.7,0,17.7,0,0,0,0,0,0,0,0,12
"WEEK OF SEP 28, 2015 (B)",Hulu-Difficult People : Online,204.9,0,0,0,0,204.9,0,0,0,0,0,0
"WEEK OF SEP 28, 2015 (B)",Hulu-Jack Hannas Wild Countdown : Online,0,0,0,0,0,0,0,0,0,0,0,0
"WEEK OF SEP 28, 2015 (B)",Hulu-Mindy Project : Online,238.4,143.5,49.1,0,28.1,0,0,0,0,0,0,17.7
"WEEK OF SEP 28, 2015 (B)",Hulu-Youre The Worst : Online,5.5,0,5.5,0,0,0,0,0,0,0,0,0
"WEEK OF OCT 05, 2015 (B)",Hulu : Online,1884,1554.4,295.9,0,15.7,0,0,0,0,18.1,0,0
"WEEK OF OCT 05, 2015 (B)",Hulu-Casual : Online,387.4,0,8.1,0,93.6,204.9,0,80.8,0,0,0,0
"WEEK OF OCT 05, 2015 (B)",Hulu-Jack Hannas Wild Countdown : Online,1.9,0,0,1.8,0.1,0,0,0,0,0,0,0
"WEEK OF OCT 05, 2015 (B)",Hulu-Mindy Project : Online,25.7,0,0,0,25.7,0,0,0,0,0,0,0
"WEEK OF OCT 05, 2015 (B)",Hulu-Youre The Worst : Online,3.1,0,3.1,0,0,0,0,0,0,0,0,0
"WEEK OF OCT 12, 2015 (B)",Hulu : Online,2878.9,1827.8,1013.4,0,19.6,0,0,0,0,18.1,0,0
"WEEK OF OCT 12, 2015 (B)",Hulu-Casual : Online,571.8,16.6,215,0,36.3,174.2,129.6,0,0,0,0,0
"WEEK OF OCT 12, 2015 (B)",Hulu-Jack Hannas Wild Countdown : Online,3.7,0,0,3.7,0,0,0,0,0,0,0,0
"WEEK OF OCT 12, 2015 (B)",Hulu-Youre The Worst : Online,3.1,0,3.1,0,0,0,0,0,0,0,0,0
"WEEK OF OCT 19, 2015 (B)",Hulu : Online,2961.3,2440.1,486.6,0,16.5,0,0,0,0,18.1,0,0
"WEEK OF OCT 19, 2015 (B)",Hulu Plus : Online,9.8,5.8,3.5,0,0.5,0,0,0,0,0,0,0
"WEEK OF OCT 19, 2015 (B)",Hulu-Casual : Online,449.1,51.8,175.2,0,0,222.2,0,0,0,0,0,0
"WEEK OF OCT 19, 2015 (B)",Hulu-Jack Hannas Wild Countdown : Online,1.9,0,0,1.8,0.1,0,0,0,0,0,0,0
"WEEK OF OCT 19, 2015 (B)",Hulu-Youre The Worst : Online,3.1,0,3.1,0,0,0,0,0,0,0,0,0
"WEEK OF OCT 26, 2015 (B)",Hulu : Online,4481.6,3179.8,573.3,0,19.4,0,0,0,0,18.8,0,690.3
"WEEK OF OCT 26, 2015 (B)",Hulu Plus : Online,330.7,0,6.2,0,0.3,0,0,0,0,0,0,324.2
"WEEK OF OCT 26, 2015 (B)",Hulu-Casual : Online,490,0,272.7,0,0,217.4,0,0,0,0,0,0
"WEEK OF OCT 26, 2015 (B)",Hulu-Jack Hannas Wild Countdown : Online,3.7,0,0,3.7,0,0,0,0,0,0,0,0
"WEEK OF OCT 26, 2015 (B)",Hulu-Youre The Worst : Online,3.1,0,3.1,0,0,0,0,0,0,0,0,0
"WEEK OF NOV 02, 2015 (B)",Hulu : Online,1585.6,1108.9,428.4,0,24.9,0,0,0,0,23.3,0,0
"WEEK OF NOV 02, 2015 (B)",Hulu Plus : Online,3.5,0,3.5,0,0,0,0,0,0,0,0,0
"WEEK OF NOV 02, 2015 (B)",Hulu-Casual : Online,152.5,0,152.5,0,0,0,0,0,0,0,0,0
"WEEK OF NOV 02, 2015 (B)",Hulu-Jack Hannas Wild Countdown : Online,1.8,0,0,1.8,0,0,0,0,0,0,0,0
"WEEK OF NOV 02, 2015 (B)",Hulu-Youre The Worst : Online,3.7,0,3.7,0,0,0,0,0,0,0,0,0
"WEEK OF NOV 09, 2015 (B)",Hulu : Online,791.4,356,388.6,0,23.5,0,0,0,0,23.3,0,0
"WEEK OF NOV 09, 2015 (B)",Hulu Plus : Online,2.1,0,2.1,0,0,0,0,0,0,0,0,0
"WEEK OF NOV 09, 2015 (B)",Hulu-Casual : Online,107.8,0,107.8,0,0,0,0,0,0,0,0,0
"WEEK OF NOV 09, 2015 (B)",Hulu-Jack Hannas Wild Countdown : Online,1.8,0,0,1.8,0,0,0,0,0,0,0,0
"WEEK OF NOV 09, 2015 (B)",Hulu-Youre The Worst : Online,3.7,0,3.7,0,0,0,0,0,0,0,0,0
"WEEK OF NOV 16, 2015 (B)",Hulu : Online,3424.6,2609.3,765.9,0,26.1,0,0,0,0,23.3,0,0
"WEEK OF NOV 16, 2015 (B)",Hulu Plus : Online,0.6,0,0.6,0,0,0,0,0,0,0,0,0
"WEEK OF NOV 16, 2015 (B)",Hulu-Jack Hannas Wild Countdown : Online,0.2,0,0,0,0.2,0,0,0,0,0,0,0
"WEEK OF NOV 16, 2015 (B)",Hulu-Youre The Worst : Online,3.7,0,3.7,0,0,0,0,0,0,0,0,0
"WEEK OF NOV 23, 2015 (B)",Hulu : Online,3996.4,3171.4,775.9,0,25.7,0,0,0,0,23.3,0,0
"WEEK OF NOV 23, 2015 (B)",Hulu-Jack Hannas Wild Countdown : Online,1.9,0,0,1.8,0.1,0,0,0,0,0,0,0
"WEEK OF NOV 23, 2015 (B)",Hulu-Youre The Worst : Online,0.4,0,0.4,0,0,0,0,0,0,0,0,0
"WEEK OF NOV 30, 2015 (B)",Hulu : Online,2088.8,1151.3,477.8,0,34.3,368.6,0,0,0,18.8,0,38
"WEEK OF NOV 30, 2015 (B)",Hulu Plus : Online,23.3,0,0,0,0,0,0,0,0,0,0,23.3
"WEEK OF NOV 30, 2015 (B)",Hulu-Jack Hannas Wild Countdown : Online,3.8,0,0,3.8,0,0,0,0,0,0,0,0
"WEEK OF NOV 30, 2015 (B)",Hulu-Youre The Worst : Online,1.9,0,1.9,0,0,0,0,0,0,0,0,0
"WEEK OF DEC 07, 2015 (B)",Hulu : Online,1143.6,571.1,451.3,0,49.6,53.5,0,0,0,18.1,0,0
"WEEK OF DEC 07, 2015 (B)",Hulu-Jack Hannas Wild Countdown : Online,1.8,0,0,1.8,0.1,0,0,0,0,0,0,0
"WEEK OF DEC 07, 2015 (B)",Hulu-Youre The Worst : Online,1.9,0,1.9,0,0,0,0,0,0,0,0,0
"WEEK OF DEC 14, 2015 (B)",Hulu : Online,2112.1,1300,543.9,0,45.2,204.9,0,0,0,18.1,0,0
"WEEK OF DEC 14, 2015 (B)",Hulu-Casual : Online,29.4,0,0,0,0,0,0,0,29.4,0,0,0
"WEEK OF DEC 14, 2015 (B)",Hulu-Seinfeld : Online,65.5,0,65.5,0,0,0,0,0,0,0,0,0
"WEEK OF DEC 14, 2015 (B)",Hulu-Youre The Worst : Online,0.4,0,0.4,0,0,0,0,0,0,0,0,0
"WEEK OF DEC 21, 2015 (B)",Hulu : Online,3281.9,1052.7,907.5,0,97.1,1206.6,0,0,0,18.1,0,0
"WEEK OF DEC 21, 2015 (B)",Hulu-Casual : Online,160.9,0,0,0,0,0,0,142.9,18.1,0,0,0
"WEEK OF DEC 21, 2015 (B)",Hulu-Jack Hannas Wild Countdown : Online,1.9,0,0,1.8,0.1,0,0,0,0,0,0,0
"WEEK OF DEC 28, 2015 (B)",Hulu : Online,1477.6,458.4,579.9,0,0,429,0,0,0,10.3,0,0
"WEEK OF DEC 28, 2015 (B)",Hulu-Casual : Online,242.6,0,0,0,0,0,0,242.6,0,0,0,0
"WEEK OF DEC 28, 2015 (B)",Hulu-Jack Hannas Wild Countdown : Online,3.8,0,0,3.8,0,0,0,0,0,0,0,0
"WEEK OF JAN 04, 2016 (B)",Hulu : Online,773.6,575,198.6,0,0,0,0,0,0,0,0,0
"WEEK OF JAN 04, 2016 (B)",Hulu-Empire : Online,0.5,0,0,0,0.5,0,0,0,0,0,0,0
"WEEK OF JAN 04, 2016 (B)",Hulu-Jack Hannas Wild Countdown : Online,1.8,0,0,1.8,0.1,0,0,0,0,0,0,0
"WEEK OF JAN 11, 2016 (B)",Hulu : Online,199.1,0,171.1,0,28,0,0,0,0,0,0,0
"WEEK OF JAN 11, 2016 (B)",Hulu-Empire : Online,0.2,0,0,0,0.2,0,0,0,0,0,0,0
"WEEK OF JAN 11, 2016 (B)",Hulu-Jack Hannas Wild Countdown : Online,3.8,0,0,3.8,0,0,0,0,0,0,0,0
"WEEK OF JAN 18, 2016 (B)",Hulu : Online,1341.4,1235.9,96.7,0,8.7,0,0,0,0,0,0,0
"WEEK OF JAN 18, 2016 (B)",Hulu-Empire : Online,0,0,0,0,0,0,0,0,0,0,0,0
"WEEK OF JAN 18, 2016 (B)",Hulu-Jack Hannas Wild Countdown : Online,1.8,0,0,1.8,0.1,0,0,0,0,0,0,0
"WEEK OF JAN 25, 2016 (B)",Hulu : Online,1219.7,966.2,217.8,0,35.7,0,0,0,0,0,0,0
"WEEK OF JAN 25, 2016 (B)",Hulu-Jack Hannas Wild Countdown : Online,3.8,0,0,3.8,0,0,0,0,0,0,0,0
"WEEK OF FEB 01, 2016 (B)",Hulu : Corporate Promotion,149.5,0,0,0,0,0,0,0,0,0,0,149.5
"WEEK OF FEB 01, 2016 (B)",Hulu : Online,848,596.4,115.3,0,32.5,0,0,0,0,0,0,103.8
"WEEK OF FEB 01, 2016 (B)",Hulu-Jack Hannas Wild Countdown : Online,1.8,0,0,1.8,0,0,0,0,0,0,0,0
"WEEK OF FEB 08, 2016 (B)",Hulu : Online,683.7,533.4,122.6,0,27.7,0,0,0,0,0,0,0
"WEEK OF FEB 08, 2016 (B)",Hulu-11.22.63 : Online,162.3,0,162.3,0,0,0,0,0,0,0,0,0
"WEEK OF FEB 08, 2016 (B)",Hulu-Jack Hannas Wild Countdown : Online,3.9,0,0,3.9,0,0,0,0,0,0,0,0
"WEEK OF FEB 15, 2016 (B)",Hulu : Online,370,222.9,131.8,0,15.3,0,0,0,0,0,0,0
"WEEK OF FEB 15, 2016 (B)",Hulu-11.22.63 : Online,1161.1,411.6,564.1,0,0,185.4,0,0,0,0,0,0
"WEEK OF FEB 15, 2016 (B)",Hulu-Jack Hannas Wild Countdown : Online,1.8,0,0,1.8,0,0,0,0,0,0,0,0
"WEEK OF FEB 22, 2016 (B)",Hulu : Online,630.2,458.8,144.5,0,26.8,0,0,0,0,0,0,0
"WEEK OF FEB 22, 2016 (B)",Hulu-11.22.63 : Online,777.1,0,186.6,0,0,590.5,0,0,0,0,0,0
"WEEK OF FEB 22, 2016 (B)",Hulu-Jack Hannas Wild Countdown : Online,3.9,0,0,3.9,0,0,0,0,0,0,0,0
"WEEK OF FEB 29, 2016 (B)",Hulu : Online,1275.8,426.9,361.4,0,30.1,0,0,0,0,0,0,457.4
"WEEK OF FEB 29, 2016 (B)",Hulu-11.22.63 : Online,199.4,0,52.8,0,0,146.6,0,0,0,0,0,0
"WEEK OF FEB 29, 2016 (B)",Hulu-Jack Hannas Wild Countdown : Online,2.1,0,0,2.1,0,0,0,0,0,0,0,0
"WEEK OF MAR 07, 2016 (B)",Hulu : Online,1050.4,639.5,382.8,0,28,0,0,0,0,0,0,0
"WEEK OF MAR 14, 2016 (B)",Hulu : Online,1133.9,600.4,521.1,0,12.4,0,0,0,0,0,0,0
"WEEK OF MAR 14, 2016 (B)",Hulu-Jack Hannas Wild Countdown : Online,2.1,0,0,2.1,0,0,0,0,0,0,0,0
"WEEK OF MAR 21, 2016 (B)",Hulu : Online,624.9,428.5,182.8,7.7,5.9,0,0,0,0,0,0,0
"WEEK OF MAR 21, 2016 (B)",Hulu-11.22.63 : Online,339.6,0,0,0,0,339.6,0,0,0,0,0,0
"WEEK OF MAR 21, 2016 (B)",Hulu-Path : Online,699.7,151.5,387.9,0,0,0,0,160.3,0,0,0,0
"WEEK OF MAR 28, 2016 (B)",Hulu : Corporate Promotion,74.8,0,0,0,0,0,0,0,0,0,0,74.8
"WEEK OF MAR 28, 2016 (B)",Hulu : Online,614.7,140.3,304.7,0,0,0,0,0,0,27.1,0,142.6
"WEEK OF MAR 28, 2016 (B)",Hulu-11.22.63 : Online,199.2,0,0,0,0,199.2,0,0,0,0,0,0
"WEEK OF MAR 28, 2016 (B)",Hulu-Curious George : Online,237.2,101.6,1.6,133.8,0.2,0,0,0,0,0,0,0
"WEEK OF MAR 28, 2016 (B)",Hulu-Jack Hannas Wild Countdown : Online,2.2,0,0,2.2,0,0,0,0,0,0,0,0
"WEEK OF MAR 28, 2016 (B)",Hulu-Mindy Project : Online,24.4,0,0,0,0,0,0,0,0,0,0,24.4
"WEEK OF MAR 28, 2016 (B)",Hulu-Path : Online,1385,52,902.3,0,0,415.2,0,0,15.5,0,0,0
"WEEK OF MAR 28, 2016 (B)",Hulu-Seinfeld : Online,39.7,0,0,0,0,0,0,0,0,0,39.7,0
"WEEK OF APR 04, 2016 (B)",Hulu : Online,1343.7,725.9,543,0,11.7,0,0,0,0,63.1,0,0
"WEEK OF APR 04, 2016 (B)",Hulu-11.22.63 : Online,233.3,0,0,0,0,233.3,0,0,0,0,0,0
"WEEK OF APR 04, 2016 (B)",Hulu-Curious George : Online,36.2,28,7.6,0,0.6,0,0,0,0,0,0,0
"WEEK OF APR 04, 2016 (B)",Hulu-Path : Online,269.8,0,269.8,0,0,0,0,0,0,0,0,0
"WEEK OF APR 04, 2016 (B)",Hulu-Seinfeld : Online,92.7,0,0,0,0,0,0,0,0,0,92.7,0
"WEEK OF APR 11, 2016 (B)",Hulu : Online,1001.8,382.8,537.2,0,18.8,0,0,0,0,63.1,0,0
"WEEK OF APR 11, 2016 (B)",Hulu-Curious George : Online,8.1,0,8.1,0,0,0,0,0,0,0,0,0
"WEEK OF APR 11, 2016 (B)",Hulu-Mindy Project : Online,12.6,0,12.6,0,0,0,0,0,0,0,0,0
"WEEK OF APR 11, 2016 (B)",Hulu-Path : Online,271.5,0,271.5,0,0,0,0,0,0,0,0,0
"WEEK OF APR 11, 2016 (B)",Hulu-Seinfeld : Online,92.7,0,0,0,0,0,0,0,0,0,92.7,0
"WEEK OF APR 18, 2016 (B)",Hulu : Online,992.8,604.8,318.4,0,6.5,0,0,0,0,63.1,0,0
"WEEK OF APR 18, 2016 (B)",Hulu-Curious George : Online,3.2,0,3.2,0,0,0,0,0,0,0,0,0
"WEEK OF APR 18, 2016 (B)",Hulu-Mindy Project : Online,7.7,0,7.7,0,0,0,0,0,0,0,0,0
"WEEK OF APR 18, 2016 (B)",Hulu-Path : Online,295.3,0,62.1,0,0,233.3,0,0,0,0,0,0
"WEEK OF APR 18, 2016 (B)",Hulu-Seinfeld : Online,92.7,0,0,0,0,0,0,0,0,0,92.7,0
"WEEK OF APR 25, 2016 (B)",Hulu : Online,1614.3,545.4,470.2,0,22.1,0,0,0,0,67.3,0,509.3
"WEEK OF APR 25, 2016 (B)",Hulu-Mindy Project : Online,14.1,0,10.4,0,0,0,0,0,0,0,0,3.7
"WEEK OF APR 25, 2016 (B)",Hulu-Seinfeld : Online,97.8,0,0,0,0,0,0,0,0,0,97.8,0
"WEEK OF MAY 02, 2016 (B)",Hulu : Online,1293.2,685.7,506.6,0,8.2,0,0,0,0,92.6,0,0
"WEEK OF MAY 02, 2016 (B)",Hulu-Path : Online,15.5,0,15.5,0,0,0,0,0,0,0,0,0
"WEEK OF MAY 02, 2016 (B)",Hulu-Seinfeld : Online,128.3,0,0,0,0,0,0,0,0,0,128.3,0
"WEEK OF MAY 09, 2016 (B)",Hulu : Online,871.8,418.2,353.7,0,7.2,0,0,0,0,92.6,0,0
"WEEK OF MAY 09, 2016 (B)",Hulu-Path : Online,0.3,0,0.3,0,0,0,0,0,0,0,0,0
"WEEK OF MAY 09, 2016 (B)",Hulu-Seinfeld : Online,128.3,0,0,0,0,0,0,0,0,0,128.3,0
"WEEK OF MAY 16, 2016 (B)",Hulu : Online,785.6,281.1,391.1,0,20.8,0,0,0,0,92.6,0,0
"WEEK OF MAY 16, 2016 (B)",Hulu-Jack Hannas Wild Countdown : Online,3.8,0,0,3.8,0,0,0,0,0,0,0,0
"WEEK OF MAY 16, 2016 (B)",Hulu-Path : Online,1.2,0,1.2,0,0,0,0,0,0,0,0,0
"WEEK OF MAY 16, 2016 (B)",Hulu-Seinfeld : Online,128.3,0,0,0,0,0,0,0,0,0,128.3,0
"WEEK OF MAY 23, 2016 (B)",Hulu : Online,868.3,355.7,411.9,0,8,0,0,0,0,92.6,0,0
"WEEK OF MAY 23, 2016 (B)",Hulu-Jack Hannas Wild Countdown : Online,3.8,0,0,3.8,0,0,0,0,0,0,0,0
"WEEK OF MAY 23, 2016 (B)",Hulu-Path : Online,4.8,0,4.8,0,0,0,0,0,0,0,0,0
"WEEK OF MAY 23, 2016 (B)",Hulu-Seinfeld : Online,128.3,0,0,0,0,0,0,0,0,0,128.3,0
"WEEK OF MAY 30, 2016 (B)",Hulu : Online,991.8,0,589.2,0,30.7,0,0,0,58.8,26.5,0,286.6
"WEEK OF MAY 30, 2016 (B)",Hulu-Casual : Online,8,0,8,0,0,0,0,0,0,0,0,0
"WEEK OF MAY 30, 2016 (B)",Hulu-Ocean Mysteries : Online,2.4,0,0,2.4,0,0,0,0,0,0,0,0
"WEEK OF MAY 30, 2016 (B)",Hulu-Seinfeld : Online,36.6,0,0,0,0,0,0,0,0,0,36.6,0
"WEEK OF JUN 06, 2016 (B)",Hulu : Online,492.8,47,436.7,0,9.1,0,0,0,0,0,0,0
"WEEK OF JUN 06, 2016 (B)",Hulu-Casual : Online,241,0,225.5,0,0,0,0,0,15.5,0,0,0
"WEEK OF JUN 06, 2016 (B)",Hulu-He Named Me Malala : Online,0.6,0,0.6,0,0,0,0,0,0,0,0,0
"WEEK OF JUN 06, 2016 (B)",Hulu-Jack Hannas Wild Countdown : Online,3.7,0,0,3.7,0,0,0,0,0,0,0,0
"WEEK OF JUN 13, 2016 (B)",Hulu : Online,415.3,0,390,0,25.3,0,0,0,0,0,0,0
"WEEK OF JUN 13, 2016 (B)",Hulu-Casual : Online,508,0,221.2,0,0,286.8,0,0,0,0,0,0
"WEEK OF JUN 13, 2016 (B)",Hulu-Empire : Online,1.8,0,0,0,1.8,0,0,0,0,0,0,0
"WEEK OF JUN 13, 2016 (B)",Hulu-He Named Me Malala : Online,1.5,0,1.5,0,0,0,0,0,0,0,0,0
"WEEK OF JUN 20, 2016 (B)",Hulu : Online,662.4,0,185.1,117.2,5.2,0,0,354.8,0,0,0,0
"WEEK OF JUN 20, 2016 (B)",Hulu-Casual : Online,256,0,256,0,0,0,0,0,0,0,0,0
"WEEK OF JUN 20, 2016 (B)",Hulu-He Named Me Malala : Online,3.3,0,3.3,0,0,0,0,0,0,0,0,0
"WEEK OF JUN 20, 2016 (B)",Hulu-Jack Hannas Wild Countdown : Online,3.7,0,0,3.7,0,0,0,0,0,0,0,0
"WEEK OF JUN 27, 2016 (B)",Hulu : Online,932.1,0,194.5,193,0.1,277.2,0,0,0,0,0,267.4
"WEEK OF JUN 27, 2016 (B)",Hulu-Difficult People : Online,8,0,0,0,0,0,0,0,0,0,0,8
"WEEK OF JUN 27, 2016 (B)",Hulu-Jack Hannas Wild Countdown : Online,3.7,0,0,3.7,0,0,0,0,0,0,0,0
"WEEK OF JUL 04, 2016 (B)",Hulu : Online,283.5,0,148.1,135.3,0.1,0,0,0,0,0,0,0
"WEEK OF JUL 04, 2016 (B)",Hulu-Difficult People : Online,36.4,0,36.4,0,0,0,0,0,0,0,0,0
"WEEK OF JUL 04, 2016 (B)",Hulu-Ocean Mysteries : Online,2.5,0,0,2.3,0.2,0,0,0,0,0,0,0
"WEEK OF JUL 04, 2016 (B)",Hulu-Tyrant : Online,10.2,0,10.2,0,0,0,0,0,0,0,0,0
"WEEK OF JUL 11, 2016 (B)",Hulu : Online,1115.2,604.7,428.9,80.5,1.1,0,0,0,0,0,0,0
"WEEK OF JUL 11, 2016 (B)",Hulu-Difficult People : Online,536,0,249.2,0,0,286.8,0,0,0,0,0,0
"WEEK OF JUL 11, 2016 (B)",Hulu-Jack Hannas Wild Countdown : Online,3.7,0,0,3.7,0,0,0,0,0,0,0,0
"WEEK OF JUL 11, 2016 (B)",Hulu-Tyrant : Online,11,0,11,0,0,0,0,0,0,0,0,0
"WEEK OF JUL 18, 2016 (B)",Hulu : Online,953.4,522,422.7,8.7,0,0,0,0,0,0,0,0
"WEEK OF JUL 18, 2016 (B)",Hulu-Difficult People : Online,190,0,129.4,0,0,60.6,0,0,0,0,0,0
"WEEK OF JUL 18, 2016 (B)",Hulu-Jack Hannas Wild Countdown : Online,6.2,0,0,6,0.2,0,0,0,0,0,0,0
"WEEK OF JUL 18, 2016 (B)",Hulu-SpongeBob Movie Sponge Out Of Water : Online,16.6,0,16.6,0,0,0,0,0,0,0,0,0
"WEEK OF JUL 18, 2016 (B)",Hulu-Tyrant : Online,11.6,0,11.6,0,0,0,0,0,0,0,0,0
"WEEK OF JUL 25, 2016 (B)",Hulu : Online,990.9,438.2,517.9,34.7,0.1,0,0,0,0,0,0,0
"WEEK OF JUL 25, 2016 (B)",Hulu-Curious George : Online,324.1,324.1,0,0,0,0,0,0,0,0,0,0
"WEEK OF JUL 25, 2016 (B)",Hulu-Jack Hannas Wild Countdown : Online,3.7,0,0,3.7,0,0,0,0,0,0,0,0
"WEEK OF JUL 25, 2016 (B)",Hulu-SpongeBob Movie Sponge Out Of Water : Online,44.3,0,44.3,0,0,0,0,0,0,0,0,0
"WEEK OF JUL 25, 2016 (B)",Hulu-Teenage Mutant Ninja Turtles : Online,25.9,0,25.9,0,0,0,0,0,0,0,0,0
"WEEK OF JUL 25, 2016 (B)",Hulu-Tyrant : Online,17.8,0,17.8,0,0,0,0,0,0,0,0,0
"WEEK OF AUG 01, 2016 (B)",Hulu : Online,2282.2,1424.7,493.1,19.5,0,0,0,0,0,0,0,344.9
"WEEK OF AUG 01, 2016 (B)",Hulu-Beatles Live At The Hollywood Bowl : Online,1.1,0,0,0,0,0,0,0,0,0,0,1.1
"WEEK OF AUG 01, 2016 (B)",Hulu-Curious George : Online,143.9,136.2,7.7,0,0,0,0,0,0,0,0,0
"WEEK OF AUG 01, 2016 (B)",Hulu-Jack Hannas Wild Countdown : Online,3.7,0,0,3.7,0,0,0,0,0,0,0,0
"WEEK OF AUG 01, 2016 (B)",Hulu-Ocean Mysteries : Online,29,0,0,29,0,0,0,0,0,0,0,0
"WEEK OF AUG 01, 2016 (B)",Hulu-SpongeBob Movie Sponge Out Of Water : Online,31.4,0,31.4,0,0,0,0,0,0,0,0,0
"WEEK OF AUG 01, 2016 (B)",Hulu-Teenage Mutant Ninja Turtles : Online,24.4,0,24.4,0,0,0,0,0,0,0,0,0
"WEEK OF AUG 01, 2016 (B)",Hulu-Tyrant : Online,13.7,0,13.7,0,0,0,0,0,0,0,0,0
"WEEK OF AUG 01, 2016 (B)",Hulu-Youre The Worst : Online,3,0,3,0,0,0,0,0,0,0,0,0
"WEEK OF AUG 08, 2016 (B)",Hulu : Online,2622,2226.7,346.8,47.7,0.8,0,0,0,0,0,0,0
"WEEK OF AUG 08, 2016 (B)",Hulu-Curious George : Online,53,35.6,0,17.4,0,0,0,0,0,0,0,0
"WEEK OF AUG 08, 2016 (B)",Hulu-Jack Hannas Wild Countdown : Online,3.7,0,0,3.7,0.1,0,0,0,0,0,0,0
"WEEK OF AUG 08, 2016 (B)",Hulu-SpongeBob Movie Sponge Out Of Water : Online,17.3,0,17.3,0,0,0,0,0,0,0,0,0
"WEEK OF AUG 08, 2016 (B)",Hulu-Teenage Mutant Ninja Turtles : Online,2,0,2,0,0,0,0,0,0,0,0,0
"WEEK OF AUG 08, 2016 (B)",Hulu-Tyrant : Online,8.5,0,8.5,0,0,0,0,0,0,0,0,0
"WEEK OF AUG 08, 2016 (B)",Hulu-Youre The Worst : Online,6.9,0,6.9,0,0,0,0,0,0,0,0,0
"WEEK OF AUG 15, 2016 (B)",Hulu : Online,3891.8,3620.2,248.7,22.8,0.1,0,0,0,0,0,0,0
"WEEK OF AUG 15, 2016 (B)",Hulu-Casual : Online,14.2,0,14.2,0,0,0,0,0,0,0,0,0
"WEEK OF AUG 15, 2016 (B)",Hulu-Curious George : Online,35.6,35.6,0,0,0,0,0,0,0,0,0,0
"WEEK OF AUG 15, 2016 (B)",Hulu-Jack Hannas Wild Countdown : Online,3.8,0,0,3.7,0.1,0,0,0,0,0,0,0
"WEEK OF AUG 15, 2016 (B)",Hulu-Ocean Mysteries : Online,2.2,0,0,2.2,0,0,0,0,0,0,0,0
"WEEK OF AUG 15, 2016 (B)",Hulu-Tyrant : Online,6,0,6,0,0,0,0,0,0,0,0,0
"WEEK OF AUG 15, 2016 (B)",Hulu-Youre The Worst : Online,9.6,0,9.6,0,0,0,0,0,0,0,0,0
"WEEK OF AUG 22, 2016 (B)",Hulu : Online,238.8,0,138.2,100.5,0.1,0,0,0,0,0,0,0
"WEEK OF AUG 22, 2016 (B)",Hulu-Casual : Online,16.3,0,16.3,0,0,0,0,0,0,0,0,0
"WEEK OF AUG 22, 2016 (B)",Hulu-Jack Hannas Wild Countdown : Online,3.7,0,0,3.7,0,0,0,0,0,0,0,0
"WEEK OF AUG 22, 2016 (B)",Hulu-Ocean Mysteries : Online,2.2,0,0,2.2,0,0,0,0,0,0,0,0
"WEEK OF AUG 22, 2016 (B)",Hulu-Tyrant : Online,4.5,0,4.5,0,0,0,0,0,0,0,0,0
"WEEK OF AUG 22, 2016 (B)",Hulu-Youre The Worst : Online,7.3,0,7.3,0,0,0,0,0,0,0,0,0
"WEEK OF AUG 29, 2016 (B)",Hulu : Online,773.6,0,470.9,157.3,0.8,129.2,0,0,0,0,0,15.4
"WEEK OF AUG 29, 2016 (B)",Hulu-Beatles Live At The Hollywood Bowl : Online,9.4,0,0,0,0,0,0,0,0,0,0,9.4
"WEEK OF AUG 29, 2016 (B)",Hulu-Eight Days A Week : Online,28.5,0,0,0,0,0,0,0,0,0,28.5,0
"WEEK OF AUG 29, 2016 (B)",Hulu-Jack Hannas Wild Countdown : Online,3.8,0,0,3.7,0.1,0,0,0,0,0,0,0
"WEEK OF AUG 29, 2016 (B)",Hulu-Ocean Mysteries : Online,2.2,0,0,2.2,0,0,0,0,0,0,0,0
"WEEK OF AUG 29, 2016 (B)",Hulu-Strain : Online,13.2,0,13.2,0,0,0,0,0,0,0,0,0
"WEEK OF AUG 29, 2016 (B)",Hulu-Youre The Worst : Online,10.9,0,10.9,0,0,0,0,0,0,0,0,0
"WEEK OF SEP 05, 2016 (B)",Hulu : Online,519,0,430.3,88.2,0.5,0,0,0,0,0,0,0
"WEEK OF SEP 05, 2016 (B)",Hulu-Curious George : Online,39,0,19.8,19.2,0,0,0,0,0,0,0,0
"WEEK OF SEP 05, 2016 (B)",Hulu-Eight Days A Week : Online,49.9,0,0,0,0,0,0,0,0,0,49.9,0
"WEEK OF SEP 05, 2016 (B)",Hulu-Jack Hannas Wild Countdown : Online,2.3,0,0,2.2,0.1,0,0,0,0,0,0,0
"WEEK OF SEP 05, 2016 (B)",Hulu-Strain : Online,9.9,0,9.9,0,0,0,0,0,0,0,0,0
"WEEK OF SEP 05, 2016 (B)",Hulu-Youre The Worst : Online,9.1,0,9.1,0,0,0,0,0,0,0,0,0
"WEEK OF SEP 12, 2016 (B)",Hulu : Online,1109,500,553.5,55.5,0.1,0,0,0,0,0,0,0
"WEEK OF SEP 12, 2016 (B)",Hulu-Beatles Eight Days A Week : Online,23.9,0,23.9,0,0,0,0,0,0,0,0,0
"WEEK OF SEP 12, 2016 (B)",Hulu-Curious George : Online,6.1,0,5.6,0,0.5,0,0,0,0,0,0,0
"WEEK OF SEP 12, 2016 (B)",Hulu-Eight Days A Week : Online,58.7,0,8.8,0,0,0,0,0,0,0,49.9,0
"WEEK OF SEP 12, 2016 (B)",Hulu-Jack Hannas Wild Countdown : Online,2.3,0,0,2.2,0.1,0,0,0,0,0,0,0
"WEEK OF SEP 12, 2016 (B)",Hulu-Strain : Online,11.3,0,11.3,0,0,0,0,0,0,0,0,0
"WEEK OF SEP 12, 2016 (B)",Hulu-Youre The Worst : Online,7.8,0,7.8,0,0,0,0,0,0,0,0,0
"WEEK OF SEP 19, 2016 (B)",Hulu : Online,583,6.2,480.3,90.4,6.1,0,0,0,0,0,0,0
"WEEK OF SEP 19, 2016 (B)",Hulu-Beatles Eight Days A Week : Online,35.3,22.1,13.2,0,0,0,0,0,0,0,0,0
"WEEK OF SEP 19, 2016 (B)",Hulu-Curious George : Online,10.9,0,10.9,0,0,0,0,0,0,0,0,0
"WEEK OF SEP 19, 2016 (B)",Hulu-Eight Days A Week : Online,378.9,74.2,21.5,0,0,233.3,0,0,0,0,49.9,0
"WEEK OF SEP 19, 2016 (B)",Hulu-Jack Hannas Wild Countdown : Online,2.4,0,0,2.2,0.2,0,0,0,0,0,0,0
"WEEK OF SEP 19, 2016 (B)",Hulu-Strain : Online,1.9,0,1.9,0,0,0,0,0,0,0,0,0
"WEEK OF SEP 19, 2016 (B)",Hulu-Youre The Worst : Online,3.8,0,3.8,0,0,0,0,0,0,0,0,0
"WEEK OF SEP 26, 2016 (B)",Hulu : Online,2076,976.1,354.7,219.3,11.7,0,0,0,0,11.8,6.3,496.1
"WEEK OF SEP 26, 2016 (B)",Hulu-Beatles Eight Days A Week : Online,25.2,0,25.2,0,0,0,0,0,0,0,0,0
"WEEK OF SEP 26, 2016 (B)",Hulu-Eight Days A Week : Online,591.3,0,22.8,0,0,532.8,0,0,0,0,35.6,0
"WEEK OF SEP 26, 2016 (B)",Hulu-Strain : Online,13.1,0,13.1,0,0,0,0,0,0,0,0,0
"WEEK OF SEP 26, 2016 (B)",Hulu-Youre The Worst : Online,1.7,0,1.7,0,0,0,0,0,0,0,0,0
"WEEK OF OCT 03, 2016 (B)",Hulu : Online,1443.8,1046.8,251.6,66.5,15.6,0,0,0,0,41.4,21.9,0
"WEEK OF OCT 03, 2016 (B)",Hulu-Jack Hannas Wild Countdown : Online,2.5,0,0,2.2,0.3,0,0,0,0,0,0,0
"WEEK OF OCT 03, 2016 (B)",Hulu-Strain : Online,15.4,0,15.4,0,0,0,0,0,0,0,0,0
"WEEK OF OCT 03, 2016 (B)",Hulu-Youre The Worst : Online,1.5,0,1.5,0,0,0,0,0,0,0,0,0
"WEEK OF OCT 10, 2016 (B)",Hulu : Online,2326.6,1648.9,392.5,208.7,13.1,0,0,0,0,41.4,21.9,0
"WEEK OF OCT 10, 2016 (B)",Hulu-Chance : Online,179.2,0,135.4,0,0,0,0,0,43.8,0,0,0
"WEEK OF OCT 10, 2016 (B)",Hulu-Strain : Online,10.3,0,10.3,0,0,0,0,0,0,0,0,0
"WEEK OF OCT 10, 2016 (B)",Hulu-Youre The Worst : Online,1.5,0,1.5,0,0,0,0,0,0,0,0,0
"WEEK OF OCT 17, 2016 (B)",Hulu : Online,4071.8,3469.4,376.7,151.1,11.2,0,0,0,0,41.4,21.9,0
"WEEK OF OCT 17, 2016 (B)",Hulu-Chance : Online,1235.5,79.6,514.3,0,0,286.8,0,354.8,0,0,0,0
"WEEK OF OCT 17, 2016 (B)",Hulu-Strain : Online,17.1,0,17.1,0,0,0,0,0,0,0,0,0
"WEEK OF OCT 17, 2016 (B)",Hulu-Youre The Worst : Online,1.7,0,1.7,0,0,0,0,0,0,0,0,0
"WEEK OF OCT 24, 2016 (B)",Hulu : Online,4146.6,3520.4,361.8,185.2,15.8,0,0,0,0,41.4,21.9,0
"WEEK OF OCT 24, 2016 (B)",Hulu-Chance : Online,212.9,25.7,187.2,0,0,0,0,0,0,0,0,0
"WEEK OF OCT 24, 2016 (B)",Hulu-Mindy Project : Online,7.1,0,7.1,0,0,0,0,0,0,0,0,0
"WEEK OF OCT 24, 2016 (B)",Hulu-Strain : Online,7.7,0,7.7,0,0,0,0,0,0,0,0,0
"WEEK OF OCT 24, 2016 (B)",Hulu-Youre The Worst : Online,1.7,0,1.7,0,0,0,0,0,0,0,0,0
"WEEK OF OCT 31, 2016 (B)",Hulu : Online,3447.2,2362.3,384.9,32.7,28.2,0,0,0,0,50.3,19.5,569.3
"WEEK OF OCT 31, 2016 (B)",Hulu-Chance : Online,335.3,148,187.3,0,0,0,0,0,0,0,0,0
"WEEK OF OCT 31, 2016 (B)",Hulu-Jack Hannas Wild Countdown : Online,2.2,0,0,2.2,0.1,0,0,0,0,0,0,0
"WEEK OF OCT 31, 2016 (B)",Hulu-Mindy Project : Online,30,0,30,0,0,0,0,0,0,0,0,0
"WEEK OF OCT 31, 2016 (B)",Hulu-Youre The Worst : Online,2,0,2,0,0,0,0,0,0,0,0,0
"WEEK OF NOV 07, 2016 (B)",Hulu : Online,2550.4,1791.9,526.8,142.6,18.2,0,0,0,0,51.7,19.2,0
"WEEK OF NOV 07, 2016 (B)",Hulu-Chance : Online,407.6,395.9,11.7,0,0,0,0,0,0,0,0,0
"WEEK OF NOV 07, 2016 (B)",Hulu-Mindy Project : Online,14.5,0,14.5,0,0,0,0,0,0,0,0,0
"WEEK OF NOV 07, 2016 (B)",Hulu-Youre The Worst : Online,2,0,2,0,0,0,0,0,0,0,0,0
"WEEK OF NOV 14, 2016 (B)",Hulu : Online,2586.3,1915.3,537.7,61.7,0.8,0,0,0,0,51.7,19.2,0
"WEEK OF NOV 14, 2016 (B)",Hulu-Chance : Online,6.8,0,6.8,0,0,0,0,0,0,0,0,0
"WEEK OF NOV 14, 2016 (B)",Hulu-Mindy Project : Online,4.8,0,4.8,0,0,0,0,0,0,0,0,0
"WEEK OF NOV 14, 2016 (B)",Hulu-Youre The Worst : Online,4.3,0,4.3,0,0,0,0,0,0,0,0,0
"WEEK OF NOV 21, 2016 (B)",Hulu : Online,4523.8,3881.8,375.8,194.2,1.2,0,0,0,0,51.7,19.2,0
"WEEK OF NOV 21, 2016 (B)",Hulu-Youre The Worst : Online,0.6,0,0.6,0,0,0,0,0,0,0,0,0
"WEEK OF NOV 28, 2016 (B)",Hulu : Online,2350.5,1628.3,317.2,92.6,0.6,0,0,0,0,55.3,13.8,242.8
"WEEK OF NOV 28, 2016 (B)",Hulu-Jack Hannas Wild Countdown : Online,2.3,0,0,2.2,0.1,0,0,0,0,0,0,0
"WEEK OF NOV 28, 2016 (B)",Hulu-Shut Eye : Online,78.1,0,78.1,0,0,0,0,0,0,0,0,0
"WEEK OF DEC 05, 2016 (B)",Hulu : Online,2759.5,2122.6,382.1,187,0.2,0,0,0,0,57.9,9.7,0
"WEEK OF DEC 05, 2016 (B)",Hulu-Shut Eye : Online,498.8,56.8,426.5,0,0,0,0,0,15.5,0,0,0
"WEEK OF DEC 12, 2016 (B)",Hulu : Online,2455.8,1567.4,655.6,165.1,0.1,0,0,0,0,57.9,9.7,0
"WEEK OF DEC 12, 2016 (B)",Hulu-Jack Hannas Wild Countdown : Online,0,0,0,0,0,0,0,0,0,0,0,0
"WEEK OF DEC 12, 2016 (B)",Hulu-Shut Eye : Online,688.3,57,212.6,0,0,418.7,0,0,0,0,0,0
"WEEK OF DEC 19, 2016 (B)",Hulu : Online,4185.9,3024.8,845.9,246.8,0.8,0,0,0,0,57.9,9.7,0
"WEEK OF DEC 19, 2016 (B)",Hulu-Shut Eye : Online,211,0,211,0,0,0,0,0,0,0,0,0
"WEEK OF DEC 26, 2016 (B)",Hulu : Online,1722.4,73.2,841.1,296,0.7,0,0,0,0,49.6,8.3,453.5
"WEEK OF DEC 26, 2016 (B)",Hulu-Jack Hannas Wild Countdown : Online,0.1,0,0,0,0.1,0,0,0,0,0,0,0
"WEEK OF DEC 26, 2016 (B)",Hulu-Shut Eye : Online,5.4,0,5.4,0,0,0,0,0,0,0,0,0
"WEEK OF JAN 02, 2017 (B)",Hulu : Online,2281.4,856.9,1424.5,0,0,0,0,0,0,0,0,0
"WEEK OF JAN 02, 2017 (B)",Hulu-Jack Hannas Wild Countdown : Online,4.1,0,0,4,0.1,0,0,0,0,0,0,0
"WEEK OF JAN 09, 2017 (B)",Hulu : Online,1400.1,493.3,524.6,382.2,0.1,0,0,0,0,0,0,0
"WEEK OF JAN 09, 2017 (B)",Hulu-Jack Hannas Wild Countdown : Online,2.3,0,0,2.2,0.1,0,0,0,0,0,0,0
"WEEK OF JAN 16, 2017 (B)",Hulu : Online,1866,610.9,586,668,1.1,0,0,0,0,0,0,0
"WEEK OF JAN 16, 2017 (B)",Hulu-Jack Hannas Wild Countdown : Online,2.3,0,0,2.2,0.1,0,0,0,0,0,0,0
"WEEK OF JAN 16, 2017 (B)",Hulu-Path : Online,99.7,0,99.7,0,0,0,0,0,0,0,0,0
"WEEK OF JAN 23, 2017 (B)",Hulu : Online,237.7,150.3,87,0,0.3,0,0,0,0,0,0,0
"WEEK OF JAN 23, 2017 (B)",Hulu-Path : Online,581.5,285.3,296.2,0,0,0,0,0,0,0,0,0
"WEEK OF JAN 30, 2017 (B)",Hulu : Online,2175.1,980.4,561.6,514.7,0.4,0,0,0,0,0,0,118
"WEEK OF JAN 30, 2017 (B)",Hulu-Handmaids Tale : Online,11318.4,11318.4,0,0,0,0,0,0,0,0,0,0
"WEEK OF JAN 30, 2017 (B)",Hulu-Path : Online,288,119.1,168.9,0,0,0,0,0,0,0,0,0
"WEEK OF FEB 06, 2017 (B)",Hulu : Online,1509.9,350.8,721,437.6,0.6,0,0,0,0,0,0,0
"WEEK OF FEB 06, 2017 (B)",Hulu-Path : Online,136.9,0,136.9,0,0,0,0,0,0,0,0,0
"WEEK OF FEB 13, 2017 (B)",Hulu : Online,2136,323.2,1365.7,447.1,0,0,0,0,0,0,0,0
"WEEK OF FEB 13, 2017 (B)",Hulu-Path : Online,146.1,0,146.1,0,0,0,0,0,0,0,0,0
"WEEK OF FEB 20, 2017 (B)",Hulu : Online,0.4,0,0,0,0.4,0,0,0,0,0,0,0
"WEEK OF FEB 27, 2017 (B)",Hulu : Online,948.6,313.2,577.9,0,1.2,0,0,0,0,0,0,56.4
"WEEK OF FEB 27, 2017 (B)",Hulu-Jack Hannas Wild Countdown : Online,2.3,0,0,2.2,0.1,0,0,0,0,0,0,0
"WEEK OF MAR 06, 2017 (B)",Hulu : Online,1493,639.3,680.6,172.4,0.8,0,0,0,0,0,0,0
"WEEK OF MAR 06, 2017 (B)",Hulu-Jack Hannas Wild Countdown : Online,3.3,0,0,2.2,1.2,0,0,0,0,0,0,0
"WEEK OF MAR 13, 2017 (B)",Hulu : Online,2344.6,1181.4,952.9,210.2,0.1,0,0,0,0,0,0,0
"WEEK OF MAR 20, 2017 (B)",Hulu : Online,2169.3,1479.5,590.9,98.2,0.7,0,0,0,0,0,0,0
"WEEK OF MAR 20, 2017 (B)",Hulu-Jack Hannas Wild Countdown : Online,5.1,0,0,3.7,1.4,0,0,0,0,0,0,0
"WEEK OF MAR 27, 2017 (B)",Hulu : Online,2058.2,116.1,1456.2,0,1.4,0,0,0,0,2.4,0,482.2
"WEEK OF MAR 27, 2017 (B)",Hulu-Handmaids Tale : Online,168.8,0,0,0,0,0,0,0,0,0,0,168.8
"WEEK OF MAR 27, 2017 (B)",Hulu-Seinfeld : Online,7,0,0,0,0,0,0,0,0,0,7,0
"WEEK OF APR 03, 2017 (B)",Hulu : Online,1735.3,925.4,800.1,0,1.4,0,0,0,0,8.4,0,0
"WEEK OF APR 03, 2017 (B)",Hulu-Seinfeld : Online,24.5,0,0,0,0,0,0,0,0,0,24.5,0
"WEEK OF APR 10, 2017 (B)",Hulu : Online,1152.7,485.4,657.3,0,1.6,0,0,0,0,8.4,0,0
"WEEK OF APR 10, 2017 (B)",Hulu-Harlots : Online,17,0,17,0,0,0,0,0,0,0,0,0
"WEEK OF APR 10, 2017 (B)",Hulu-Seinfeld : Online,24.5,0,0,0,0,0,0,0,0,0,24.5,0
"WEEK OF APR 17, 2017 (B)",Hulu : Online,928.7,356,562.8,0,1.4,0,0,0,0,8.4,0,0
"WEEK OF APR 17, 2017 (B)",Hulu-Handmaids Tale : Online,1002.6,467.2,535.4,0,0,0,0,0,0,0,0,0
"WEEK OF APR 17, 2017 (B)",Hulu-Harlots : Online,32,0,32,0,0,0,0,0,0,0,0,0
"WEEK OF APR 17, 2017 (B)",Hulu-Seinfeld : Online,24.5,0,0,0,0,0,0,0,0,0,24.5,0
"WEEK OF APR 24, 2017 (B)",Hulu : Online,11.3,0,2.8,0,0,0,0,0,0,8.4,0,0
"WEEK OF APR 24, 2017 (B)",Hulu-Handmaids Tale : Online,1733,923.3,616.8,0,0,192.9,0,0,0,0,0,0
"WEEK OF APR 24, 2017 (B)",Hulu-Seinfeld : Online,24.5,0,0,0,0,0,0,0,0,0,24.5,0
"WEEK OF MAY 01, 2017 (B)",Hulu : Corporate Promotion,176.2,0,0,0,0,0,0,0,0,0,0,176.2
"WEEK OF MAY 01, 2017 (B)",Hulu : Online,1118.8,224.1,450.3,0,0.6,0,0,0,0,8.6,0,435.2
"WEEK OF MAY 01, 2017 (B)",Hulu-Handmaids Tale : Online,1242.5,247.6,523.7,0,0,428.9,0,0,0,0,0,42.2
"WEEK OF MAY 01, 2017 (B)",Hulu-Seinfeld : Online,17.5,0,0,0,0,0,0,0,0,0,17.5,0
"WEEK OF MAY 08, 2017 (B)",Hulu : Online,619.9,156.2,454.3,0,0.7,0,0,0,0,8.6,0,0
"WEEK OF MAY 08, 2017 (B)",Hulu-Handmaids Tale : Online,530.6,207.9,322.7,0,0,0,0,0,0,0,0,0
"WEEK OF MAY 08, 2017 (B)",Hulu-Jack Hannas Wild Countdown : Online,2.1,0,0,2.1,0,0,0,0,0,0,0,0
"WEEK OF MAY 08, 2017 (B)",Hulu-Seinfeld : Online,17.5,0,0,0,0,0,0,0,0,0,17.5,0
"WEEK OF MAY 15, 2017 (B)",Hulu : Online,1591.9,811,771.6,0,0.6,0,0,0,0,8.6,0,0
"WEEK OF MAY 15, 2017 (B)",Hulu-Handmaids Tale : Online,179.7,0,179.4,0,0.3,0,0,0,0,0,0,0
"WEEK OF MAY 15, 2017 (B)",Hulu-Seinfeld : Online,17.5,0,0,0,0,0,0,0,0,0,17.5,0
"WEEK OF MAY 22, 2017 (B)",Hulu : Online,8.9,0,0,0,0.2,0,0,0,0,8.6,0,0
"WEEK OF MAY 22, 2017 (B)",Hulu-Handmaids Tale : Online,393.3,383.7,9.2,0,0.4,0,0,0,0,0,0,0
"WEEK OF MAY 22, 2017 (B)",Hulu-Jack Hannas Wild Countdown : Online,2.1,0,0,2.1,0,0,0,0,0,0,0,0
"WEEK OF MAY 22, 2017 (B)",Hulu-Seinfeld : Online,17.5,0,0,0,0,0,0,0,0,0,17.5,0
"WEEK OF MAY 29, 2017 (B)",Hulu : Corporate Promotion,22.5,0,0,0,0,0,0,0,0,0,0,22.5
"WEEK OF MAY 29, 2017 (B)",Hulu : Online,2305.9,872.1,610.3,0,1.3,0,0,0,0,5.1,55.3,761.9
"WEEK OF MAY 29, 2017 (B)",Hulu Plus : Online,68,68,0,0,0,0,0,0,0,0,0,0
"WEEK OF MAY 29, 2017 (B)",Hulu-Handmaids Tale : Online,17.3,0,7.5,8,1.8,0,0,0,0,0,0,0
"WEEK OF MAY 29, 2017 (B)",Hulu-Jack Hannas Wild Countdown : Online,2,0,0,2,0,0,0,0,0,0,0,0
"WEEK OF MAY 29, 2017 (B)",Hulu-Seinfeld : Online,13.7,0,0,0,0,0,0,0,0,0,13.7,0
"WEEK OF JUN 05, 2017 (B)",Hulu : Online,1625.5,804.9,720.4,0,1.1,0,0,0,0,2.4,96.7,0
"WEEK OF JUN 05, 2017 (B)",Hulu-Handmaids Tale : Online,109.5,107.9,0,0,1.6,0,0,0,0,0,0,0
"WEEK OF JUN 05, 2017 (B)",Hulu-Seinfeld : Online,10.9,0,0,0,0,0,0,0,0,0,10.9,0
"WEEK OF JUN 12, 2017 (B)",Hulu : Online,1157.5,226.7,830.4,0,1.3,0,0,0,0,2.4,96.7,0
"WEEK OF JUN 12, 2017 (B)",Hulu-Handmaids Tale : Online,10.8,0,5.6,0,5.1,0,0,0,0,0,0,0
"WEEK OF JUN 12, 2017 (B)",Hulu-Jack Hannas Wild Countdown : Online,3.5,0,0,3.5,0,0,0,0,0,0,0,0
"WEEK OF JUN 12, 2017 (B)",Hulu-Seinfeld : Online,10.9,0,0,0,0,0,0,0,0,0,10.9,0
"WEEK OF JUN 19, 2017 (B)",Hulu : Online,258.5,112.6,46.7,0,0.1,0,0,0,0,2.4,96.7,0
"WEEK OF JUN 19, 2017 (B)",Hulu-Handmaids Tale : Online,12,0,5.6,0,6.4,0,0,0,0,0,0,0
"WEEK OF JUN 19, 2017 (B)",Hulu-Jack Hannas Wild Countdown : Online,2.1,0,0,2,0.1,0,0,0,0,0,0,0
"WEEK OF JUN 19, 2017 (B)",Hulu-Seinfeld : Online,10.9,0,0,0,0,0,0,0,0,0,10.9,0
"WEEK OF JUN 26, 2017 (B)",Hulu : Online,1469.6,88.8,913.9,0,43.7,0,0,0,0,1.7,87.2,334.4
"WEEK OF JUN 26, 2017 (B)",Hulu-Seinfeld : Online,7.8,0,0,0,0,0,0,0,0,0,7.8,0
"WEEK OF JUL 03, 2017 (B)",Hulu : Online,900.5,0,731.8,0,105.4,0,0,0,0,0,63.3,0
"WEEK OF JUL 10, 2017 (B)",Hulu : Online,1110.3,306.9,740.1,0,0.1,0,0,0,0,0,63.3,0
"WEEK OF JUL 10, 2017 (B)",Hulu-Handmaids Tale : Online,3,0,3,0,0,0,0,0,0,0,0,0
"WEEK OF JUL 10, 2017 (B)",Hulu-Jack Hannas Wild Countdown : Online,2.1,0,0,2,0.1,0,0,0,0,0,0,0
"WEEK OF JUL 17, 2017 (B)",Hulu : Online,144.4,60.9,20,0,0.1,0,0,0,0,0,63.3,0
"WEEK OF JUL 17, 2017 (B)",Hulu-Jack Hannas Wild Countdown : Online,0.1,0,0,0,0.1,0,0,0,0,0,0,0
"WEEK OF JUL 24, 2017 (B)",Hulu : Online,94.8,0,31.5,0,0,0,0,0,0,0,63.3,0
"WEEK OF JUL 24, 2017 (B)",Hulu-Jack Hannas Wild Countdown : Online,0.1,0,0,0,0.1,0,0,0,0,0,0,0
"WEEK OF JUL 31, 2017 (B)",Hulu : Mobile App,28.1,0,0,0,0,0,0,0,0,0,0,28.1
"WEEK OF JUL 31, 2017 (B)",Hulu : Online,21.9,0,12.9,0,0,0,0,0,0,0,9,0
"WEEK OF JUL 31, 2017 (B)",Hulu Advertising Service : Advertising Services,82,0,0,0,0,0,0,0,0,0,0,82
"WEEK OF AUG 07, 2017 (B)",Hulu : Online,875.9,145.8,729.3,0,0.8,0,0,0,0,0,0,0
"WEEK OF AUG 14, 2017 (B)",Hulu : Online,749.3,65.1,684.2,0,0,0,0,0,0,0,0,0
"WEEK OF AUG 14, 2017 (B)",Hulu-Handmaids Tale : Online,6.7,0,0,0,6.7,0,0,0,0,0,0,0
"WEEK OF AUG 21, 2017 (B)",Hulu : Online,61.3,16.3,44.9,0,0.1,0,0,0,0,0,0,0
"WEEK OF AUG 21, 2017 (B)",Hulu-Handmaids Tale : Online,34.2,0,0,0,16.2,0,0,0,18.1,0,0,0
"WEEK OF AUG 21, 2017 (B)",Hulu-Jack Hannas Wild Countdown : Online,0.1,0,0,0,0.1,0,0,0,0,0,0,0
"WEEK OF AUG 28, 2017 (B)",Hulu : Mobile App,7.2,0,0,0,0,0,0,0,0,0,0,7.2
"WEEK OF AUG 28, 2017 (B)",Hulu : Online,0.1,0,0,0,0.1,0,0,0,0,0,0,0
"WEEK OF AUG 28, 2017 (B)",Hulu Advertising Service : Advertising Services,28.1,0,0,0,0,0,0,0,0,0,0,28.1
"WEEK OF AUG 28, 2017 (B)",Hulu-Handmaids Tale : Online,0.6,0,0,0,0.6,0,0,0,0,0,0,0
"WEEK OF AUG 28, 2017 (B)",Hulu-Jack Hannas Wild Countdown : Online,0.1,0,0,0,0.1,0,0,0,0,0,0,0
"WEEK OF SEP 04, 2017 (B)",Hulu : Online,0,0,0,0,0,0,0,0,0,0,0,0
"WEEK OF SEP 04, 2017 (B)",Hulu-Jack Hannas Wild Countdown : Online,0,0,0,0,0,0,0,0,0,0,0,0
"WEEK OF SEP 11, 2017 (B)",Hulu : Online,2156.7,1333.6,823.1,0,0.1,0,0,0,0,0,0,0
"WEEK OF SEP 11, 2017 (B)",Hulu-Jack Hannas Wild Countdown : Online,0.2,0,0,0,0.2,0,0,0,0,0,0,0
"WEEK OF SEP 18, 2017 (B)",Hulu : Online,1399.7,567.3,832.4,0,0,0,0,0,0,0,0,0
"WEEK OF SEP 18, 2017 (B)",Hulu-Good Behavior : Online,40.9,0,40.9,0,0,0,0,0,0,0,0,0
"WEEK OF SEP 18, 2017 (B)",Hulu-Handmaids Tale : Online,215.1,187.9,27.2,0,0,0,0,0,0,0,0,0
"WEEK OF SEP 18, 2017 (B)",Hulu-Jack Hannas Wild Countdown : Online,0,0,0,0,0,0,0,0,0,0,0,0
"WEEK OF SEP 25, 2017 (B)",Hulu : Corporate Promotion,156.5,0,0,0,0,0,0,0,0,0,0,156.5
"WEEK OF SEP 25, 2017 (B)",Hulu : Mobile App,13.5,0,0,0,0,0,0,0,0,0,0,13.5
"WEEK OF SEP 25, 2017 (B)",Hulu : Online,1997.9,1296.1,698.8,0,0.3,0,0,0,0,0,2.7,0
"WEEK OF SEP 25, 2017 (B)",Hulu Advertising Service : Advertising Services,485.9,0,0,0,0,0,0,0,0,0,0,485.9
"WEEK OF SEP 25, 2017 (B)",Hulu-Future Man : Online,37.3,0,0,0,0,0,0,0,0,0,0,37.3
"WEEK OF SEP 25, 2017 (B)",Hulu-Good Behavior : Online,48.3,0,48.3,0,0,0,0,0,0,0,0,0
"WEEK OF SEP 25, 2017 (B)",Hulu-Handmaids Tale : Online,637.9,530.8,107.1,0,0,0,0,0,0,0,0,0
"WEEK OF SEP 25, 2017 (B)",Hulu-I Love You America : Online,76,0,0,0,0,0,0,0,0,0,0,76
"WEEK OF SEP 25, 2017 (B)",Hulu-Jack Hannas Wild Countdown : Online,0.2,0,0,0,0.2,0,0,0,0,0,0,0
"WEEK OF SEP 25, 2017 (B)",Hulu-Small Business Revolution : Online,90.1,0,0,0,90.1,0,0,0,0,0,0,0
"WEEK OF OCT 02, 2017 (B)",Hulu : Online,1902.1,897.9,985.1,0,0,0,0,0,0,0,19.1,0
"WEEK OF OCT 02, 2017 (B)",Hulu-Good Behavior : Online,64.3,0,64.3,0,0,0,0,0,0,0,0,0
"WEEK OF OCT 02, 2017 (B)",Hulu-Handmaids Tale : Online,13.4,0,13.4,0,0,0,0,0,0,0,0,0
"WEEK OF OCT 02, 2017 (B)",Hulu-Small Business Revolution : Online,80.6,0,0,0,80.6,0,0,0,0,0,0,0
"WEEK OF OCT 09, 2017 (B)",Hulu : Online,74.1,36.4,18.6,0,0,0,0,0,0,0,19.1,0
"WEEK OF OCT 09, 2017 (B)",Hulu-Good Behavior : Online,77.1,0,77.1,0,0,0,0,0,0,0,0,0
"WEEK OF OCT 09, 2017 (B)",Hulu-I Love You America : Online,41,40.2,0.8,0,0,0,0,0,0,0,0,0
"WEEK OF OCT 09, 2017 (B)",Hulu-Small Business Revolution : Online,145.6,0,0,5.8,139.8,0,0,0,0,0,0,0
"WEEK OF OCT 16, 2017 (B)",Hulu : Online,1961.8,1136.8,805.8,0,0,0,0,0,0,0,19.1,0
"WEEK OF OCT 16, 2017 (B)",Hulu-Good Behavior : Online,90.7,0,90.7,0,0,0,0,0,0,0,0,0
"WEEK OF OCT 16, 2017 (B)",Hulu-I Love You America : Online,40.2,40.2,0,0,0,0,0,0,0,0,0,0
"WEEK OF OCT 16, 2017 (B)",Hulu-Small Business Revolution : Online,5.8,0,0,5.8,0,0,0,0,0,0,0,0
"WEEK OF OCT 23, 2017 (B)",Hulu : Online,3963.7,3400.3,544.3,0,0,0,0,0,0,0,19.1,0
"WEEK OF OCT 23, 2017 (B)",Hulu With Live TV : Online,205.6,148.7,56.9,0,0,0,0,0,0,0,0,0
"WEEK OF OCT 23, 2017 (B)",Hulu-Good Behavior : Online,78.8,0,78.8,0,0,0,0,0,0,0,0,0
"WEEK OF OCT 23, 2017 (B)",Hulu-I Love You America : Online,12.4,0,12.4,0,0,0,0,0,0,0,0,0
"WEEK OF OCT 23, 2017 (B)",Hulu-Small Business Revolution : Online,5.8,0,0,5.8,0,0,0,0,0,0,0,0
"WEEK OF OCT 30, 2017 (B)",Hulu : Corporate Promotion,148.2,0,0,0,0,0,0,0,0,0,0,148.2
"WEEK OF OCT 30, 2017 (B)",Hulu : Online,128,0,0,0,0,0,0,0,0,0,70.6,57.3
"WEEK OF OCT 30, 2017 (B)",Hulu Advertising Service : Advertising Services,595.8,0,0,0,0,0,0,0,0,0,0,595.8
"WEEK OF OCT 30, 2017 (B)",Hulu With Live TV : Online,3,0,3,0,0,0,0,0,0,0,0,0
"WEEK OF OCT 30, 2017 (B)",Hulu-Future Man : Online,78.7,0,0,0,0,0,0,0,0,0,0,78.7
"WEEK OF OCT 30, 2017 (B)",Hulu-Marvel Runaways : Online,23.5,0,0,0,0,0,0,0,0,0,0,23.5
"WEEK OF NOV 06, 2017 (B)",Hulu : Online,2812.1,2156,543.7,0,21.2,0,0,0,0,0,91.2,0
"WEEK OF NOV 06, 2017 (B)",Hulu-Future Man : Online,296.4,122,174.4,0,0,0,0,0,0,0,0,0
"WEEK OF NOV 13, 2017 (B)",Hulu : Online,1402.3,739.4,547.1,0,24.5,0,0,0,0,0,91.2,0
"WEEK OF NOV 13, 2017 (B)",Hulu With Live TV : Online,2.6,0,2.6,0,0,0,0,0,0,0,0,0
"WEEK OF NOV 13, 2017 (B)",Hulu-Future Man : Online,254.2,35.3,218.9,0,0,0,0,0,0,0,0,0
"WEEK OF NOV 20, 2017 (B)",Hulu : Online,675.9,542,24.2,0,18.4,0,0,0,0,0,91.2,0
"WEEK OF NOV 20, 2017 (B)",Hulu With Live TV : Online,31.7,0,31.7,0,0,0,0,0,0,0,0,0
"WEEK OF NOV 20, 2017 (B)",Hulu-Future Man : Online,94.1,0,94.1,0,0,0,0,0,0,0,0,0
"WEEK OF NOV 20, 2017 (B)",Hulu-Marvel Runaways : Online,906.7,447.6,458.6,0,0.5,0,0,0,0,0,0,0
"WEEK OF NOV 27, 2017 (B)",Hulu : Mobile App,9.2,0,0,0,0,0,0,0,0,0,0,9.2
"WEEK OF NOV 27, 2017 (B)",Hulu : Online,1321.5,687.3,569.6,0,1,0,0,0,0,0,63.7,0
"WEEK OF NOV 27, 2017 (B)",Hulu Advertising Service : Advertising Services,6.4,0,0,0,0,0,0,0,0,0,0,6.4
"WEEK OF NOV 27, 2017 (B)",Hulu With Live TV : Online,115.5,0,115.1,0,0.4,0,0,0,0,0,0,0
"WEEK OF NOV 27, 2017 (B)",Hulu-Future Man : Online,1.3,0,1.3,0,0,0,0,0,0,0,0,0
"WEEK OF NOV 27, 2017 (B)",Hulu-Marvel Runaways : Online,1285.7,805.9,442.9,0,0.1,0,0,0,0,0,0,36.8
"WEEK OF DEC 04, 2017 (B)",Hulu : Online,1140.6,661.5,452.1,0,0,0,0,0,0,0,27,0
"WEEK OF DEC 04, 2017 (B)",Hulu With Live TV : Online,509.8,351.3,158.5,0,0,0,0,0,0,0,0,0
"WEEK OF DEC 11, 2017 (B)",Hulu : Online,704.2,304.8,372.5,0,0,0,0,0,0,0,27,0
"WEEK OF DEC 11, 2017 (B)",Hulu With Live TV : Online,216.9,0,216.9,0,0,0,0,0,0,0,0,0
"WEEK OF DEC 18, 2017 (B)",Hulu : Online,80,53,0,0,0,0,0,0,0,0,27,0
"WEEK OF DEC 18, 2017 (B)",Hulu With Live TV : Online,0.4,0,0.4,0,0,0,0,0,0,0,0,0
"WEEK OF DEC 25, 2017 (B)",Hulu : Online,657.5,141.8,488.8,0,0,0,0,0,0,0,27,0
"WEEK OF JAN 01, 2018 (B)",Hulu : Online,2608.6,1561,1041.8,0,0,0,0,0,0,0,0,5.8
"WEEK OF JAN 01, 2018 (B)",Hulu Advertising Service : Advertising Services,41.3,0,0,0,0,0,0,0,0,0,0,41.3
"WEEK OF JAN 01, 2018 (B)",Hulu With Live TV : Online,537.2,0,537.2,0,0,0,0,0,0,0,0,0
"WEEK OF JAN 01, 2018 (B)",Hulu-Marvel Runaways : Online,1.7,0,0,0,0,0,0,0,0,0,0,1.7
"WEEK OF JAN 08, 2018 (B)",Hulu : Online,1539.4,958,553.8,0,27.6,0,0,0,0,0,0,0
"WEEK OF JAN 08, 2018 (B)",Hulu With Live TV : Online,58.5,0,58.5,0,0,0,0,0,0,0,0,0
"WEEK OF JAN 15, 2018 (B)",Hulu : Online,2056.6,1467.8,588.8,0,0,0,0,0,0,0,0,0
"WEEK OF JAN 15, 2018 (B)",Hulu With Live TV : Online,61.5,0,61.5,0,0.1,0,0,0,0,0,0,0
"WEEK OF JAN 22, 2018 (B)",Hulu : Online,121.1,88.8,32.3,0,0,0,0,0,0,0,0,0
"WEEK OF JAN 29, 2018 (B)",Hulu : Mobile App,44.6,0,0,0,0,0,0,0,0,0,0,44.6
"WEEK OF JAN 29, 2018 (B)",Hulu : Online,1041.3,687.3,345.2,0,5.2,0,0,0,0,0,0,3.6
"WEEK OF JAN 29, 2018 (B)",Hulu Advertising Service : Advertising Services,422.7,0,0,0,0,0,0,0,0,0,0,422.7
"WEEK OF JAN 29, 2018 (B)",Hulu With Live TV : Online,0.1,0,0.1,0,0,0,0,0,0,0,0,0
"WEEK OF JAN 29, 2018 (B)",Hulu-Castle Rock : Online,6367.5,6356.4,11.1,0,0,0,0,0,0,0,0,0
"WEEK OF JAN 29, 2018 (B)",Hulu-Handmaids Tale : Online,23.5,0,0,0,23.5,0,0,0,0,0,0,0
"WEEK OF JAN 29, 2018 (B)",Hulu-Hard Sun : Online,7.5,0,0,0,0,0,0,0,0,0,0,7.5
"WEEK OF JAN 29, 2018 (B)",Hulu-Looming Tower : Online,149.1,0,0,0,0,0,0,0,0,0,0,149.1
"WEEK OF FEB 05, 2018 (B)",Hulu : Online,2269.4,1754.4,514.8,0,0.2,0,0,0,0,0,0,0
"WEEK OF FEB 05, 2018 (B)",Hulu-Castle Rock : Online,824.8,637.7,185.5,0,1.6,0,0,0,0,0,0,0
"WEEK OF FEB 05, 2018 (B)",Hulu-Handmaids Tale : Online,106.2,88,17.7,0,0.5,0,0,0,0,0,0,0
"WEEK OF FEB 12, 2018 (B)",Hulu : Online,5709.6,4481.4,1214.4,0,13.8,0,0,0,0,0,0,0
"WEEK OF FEB 12, 2018 (B)",Hulu-Castle Rock : Online,29.4,0,18.6,0,10.8,0,0,0,0,0,0,0
"WEEK OF FEB 12, 2018 (B)",Hulu-Handmaids Tale : Online,12.9,0,0,0,12.9,0,0,0,0,0,0,0
"WEEK OF FEB 12, 2018 (B)",Hulu-Looming Tower : Online,172.1,0,169.5,0,2.6,0,0,0,0,0,0,0
"WEEK OF FEB 19, 2018 (B)",Hulu : Online,8976.7,8055.9,920.8,0,0,0,0,0,0,0,0,0
"WEEK OF FEB 19, 2018 (B)",Hulu-Looming Tower : Online,139.3,0,0,0,139.3,0,0,0,0,0,0,0
"WEEK OF FEB 26, 2018 (B)",Hulu : Mobile App,22,0,0,0,0,0,0,0,0,0,0,22
"WEEK OF FEB 26, 2018 (B)",Hulu : Online,715.7,187.2,479.6,0,2.7,0,0,0,0,0,0,46.2
"WEEK OF FEB 26, 2018 (B)",Hulu Advertising Service : Advertising Services,47.2,0,0,0,0,0,0,0,0,0,0,47.2
"WEEK OF FEB 26, 2018 (B)",Hulu-Hard Sun : Online,62.5,0,0,0,0,0,0,0,0,0,0,62.5
"WEEK OF FEB 26, 2018 (B)",Hulu-Looming Tower : Online,2674.9,757.2,432.6,0,1216.7,0,0,0,0,0,0,268.4
"WEEK OF MAR 05, 2018 (B)",Hulu : Online,740.1,400.3,330.3,2.4,7.1,0,0,0,0,0,0,0
"WEEK OF MAR 05, 2018 (B)",Hulu-Hard Sun : Online,420.3,0,420.3,0,0,0,0,0,0,0,0,0
"WEEK OF MAR 05, 2018 (B)",Hulu-Jack Hannas Wild Countdown : Online,0,0,0,0,0,0,0,0,0,0,0,0
"WEEK OF MAR 05, 2018 (B)",Hulu-Looming Tower : Online,1086,573.1,478.5,0,34.5,0,0,0,0,0,0,0
"WEEK OF MAR 12, 2018 (B)",Hulu : Online,7431.1,4526.8,2901.9,2.4,0,0,0,0,0,0,0,0
"WEEK OF MAR 12, 2018 (B)",Hulu-Hard Sun : Online,306.8,0,306.8,0,0,0,0,0,0,0,0,0
"WEEK OF MAR 12, 2018 (B)",Hulu-Jack Hannas Wild Countdown : Online,0.1,0,0,0,0.1,0,0,0,0,0,0,0
"WEEK OF MAR 12, 2018 (B)",Hulu-Looming Tower : Online,7.3,0,7.3,0,0,0,0,0,0,0,0,0
"WEEK OF MAR 19, 2018 (B)",Hulu : Online,4.1,0,1.6,2.4,0,0,0,0,0,0,0,0
"WEEK OF MAR 19, 2018 (B)",Hulu-Hard Sun : Online,1.6,0,1.6,0,0,0,0,0,0,0,0,0
"WEEK OF MAR 19, 2018 (B)",Hulu-Jack Hannas Wild Countdown : Online,0.1,0,0,0,0.1,0,0,0,0,0,0,0
"WEEK OF MAR 26, 2018 (B)",Hulu : Online,328.5,320.2,0,2.4,0,0,0,0,0,0,0,5.9
"WEEK OF MAR 26, 2018 (B)",Hulu Advertising Service : Advertising Services,388.3,0,0,0,0,0,0,0,0,0,0,388.3
"WEEK OF MAR 26, 2018 (B)",Hulu-Jack Hannas Wild Countdown : Online,0,0,0,0,0,0,0,0,0,0,0,0
"WEEK OF APR 02, 2018 (B)",Hulu : Online,200.7,0,0,0,0,200.7,0,0,0,0,0,0
"WEEK OF APR 09, 2018 (B)",Hulu : Online,744.2,153.7,590.5,0,0,0,0,0,0,0,0,0
"WEEK OF APR 09, 2018 (B)",Hulu With Live TV : Online,1.3,0,1.3,0,0,0,0,0,0,0,0,0
"WEEK OF APR 16, 2018 (B)",Hulu : Online,3699.4,225,3474.4,0,0,0,0,0,0,0,0,0
"WEEK OF APR 16, 2018 (B)",Hulu-Handmaids Tale : Online,1162.2,584,578.2,0,0,0,0,0,0,0,0,0
"WEEK OF APR 23, 2018 (B)",Hulu : Online,3909.7,334.5,3574.1,0,1,0,0,0,0,0,0,0
"WEEK OF APR 23, 2018 (B)",Hulu With Live TV : Online,5.8,0,5.8,0,0,0,0,0,0,0,0,0
"WEEK OF APR 23, 2018 (B)",Hulu-Handmaids Tale : Online,1144,454.5,689.5,0,0,0,0,0,0,0,0,0
"WEEK OF APR 30, 2018 (B)",Hulu : Mobile App,6.9,0,0,0,0,0,0,0,0,0,0,6.9
"WEEK OF APR 30, 2018 (B)",Hulu : Online,4314.9,146.1,4041.9,3.5,0,0,0,0,0,0,0,123.5
"WEEK OF APR 30, 2018 (B)",Hulu Advertising Service : Advertising Services,207.1,0,0,0,0,0,0,0,0,0,0,207.1
"WEEK OF APR 30, 2018 (B)",Hulu-Handmaids Tale : Online,990.7,289.4,701.3,0,0,0,0,0,0,0,0,0
"WEEK OF APR 30, 2018 (B)",Hulu-Jack Hannas Wild Countdown : Online,0,0,0,0,0,0,0,0,0,0,0,0
"WEEK OF MAY 07, 2018 (B)",Hulu : Online,2971.5,53.5,2914.6,3.5,0,0,0,0,0,0,0,0
"WEEK OF MAY 07, 2018 (B)",Hulu-Handmaids Tale : Online,129.1,55.1,74,0,0,0,0,0,0,0,0,0
"WEEK OF MAY 07, 2018 (B)",Hulu-Jack Hannas Wild Countdown : Online,0.2,0,0,0,0.2,0,0,0,0,0,0,0
"WEEK OF MAY 14, 2018 (B)",Hulu : Online,3213.2,2103.9,1109.3,0,0,0,0,0,0,0,0,0
"WEEK OF MAY 14, 2018 (B)",Hulu With Live TV : Online,164,163.5,0,0,0.5,0,0,0,0,0,0,0
"WEEK OF MAY 14, 2018 (B)",Hulu-Handmaids Tale : Online,62.7,7.8,54.9,0,0,0,0,0,0,0,0,0
"WEEK OF MAY 14, 2018 (B)",Hulu-Real Announcers Of Studio J : Online,1069.9,0,1069.9,0,0,0,0,0,0,0,0,0
"WEEK OF MAY 21, 2018 (B)",Hulu : Online,764.8,493.1,267.2,4.5,0,0,0,0,0,0,0,0
"WEEK OF MAY 21, 2018 (B)",Hulu With Live TV : Online,460.1,458.2,1.8,0,0.1,0,0,0,0,0,0,0
"WEEK OF MAY 21, 2018 (B)",Hulu-Jack Hannas Wild Countdown : Online,0.2,0,0,0,0.2,0,0,0,0,0,0,0
"WEEK OF MAY 21, 2018 (B)",Hulu-Real Announcers Of Studio J : Online,1903.7,0,1903.7,0,0,0,0,0,0,0,0,0
"WEEK OF MAY 28, 2018 (B)",Hulu : Online,350.9,132,167,0,0,0,0,0,0,0,0,51.9
"WEEK OF MAY 28, 2018 (B)",Hulu-Real Announcers Of Studio J : Online,380.7,0,380.7,0,0,0,0,0,0,0,0,0
"WEEK OF JUN 04, 2018 (B)",Hulu : Online,296.9,289,7.4,0,0.5,0,0,0,0,0,0,0
"WEEK OF JUN 04, 2018 (B)",Hulu-Handmaids Tale : Online,1.6,0,0,0,1.6,0,0,0,0,0,0,0
"WEEK OF JUN 04, 2018 (B)",Hulu-Looming Tower : Online,1.8,0,0,0,1.8,0,0,0,0,0,0,0
"WEEK OF JUN 11, 2018 (B)",Hulu-Handmaids Tale : Online,4,0,0,0,4,0,0,0,0,0,0,0
"WEEK OF JUN 11, 2018 (B)",Hulu-Looming Tower : Online,2.3,0,0,0,2.3,0,0,0,0,0,0,0
"WEEK OF JUN 18, 2018 (B)",Hulu : Online,14.5,0,9,5.4,0.1,0,0,0,0,0,0,0
"WEEK OF JUN 18, 2018 (B)",Hulu-Handmaids Tale : Online,3.1,0,0,0,3.1,0,0,0,0,0,0,0
"WEEK OF JUN 18, 2018 (B)",Hulu-Jack Hannas Wild Countdown : Online,0.2,0,0,0,0.2,0,0,0,0,0,0,0
"WEEK OF JUN 18, 2018 (B)",Hulu-Looming Tower : Online,32.7,0,0,0,3.3,0,0,0,29.4,0,0,0
"WEEK OF JUN 25, 2018 (B)",Hulu : Online,397.3,0,0,0,0,0,0,0,0,0,12.5,384.8
"WEEK OF JUL 02, 2018 (B)",Hulu : Online,87.5,0,0,0,0,0,0,0,0,0,87.5,0
"WEEK OF JUL 09, 2018 (B)",Hulu : Online,87.5,0,0,0,0,0,0,0,0,0,87.5,0
"WEEK OF JUL 16, 2018 (B)",Hulu : Online,92.5,0,0,5,0,0,0,0,0,0,87.5,0
"WEEK OF JUL 16, 2018 (B)",Hulu-Castle Rock : Online,29,0,29,0,0,0,0,0,0,0,0,0
"WEEK OF JUL 16, 2018 (B)",Hulu-Jack Hannas Wild Countdown : Online,0.2,0,0,0,0.2,0,0,0,0,0,0,0
"WEEK OF JUL 23, 2018 (B)",Hulu : Online,94,0,0,6.5,0,0,0,0,0,0,87.5,0
"WEEK OF JUL 23, 2018 (B)",Hulu-Castle Rock : Online,33.3,0,33.3,0,0,0,0,0,0,0,0,0
"WEEK OF JUL 23, 2018 (B)",Hulu-Jack Hannas Wild Countdown : Online,0.2,0,0,0,0.2,0,0,0,0,0,0,0
"WEEK OF JUL 30, 2018 (B)",Hulu : Online,422.3,0,0,0,0,0,0,0,0,0,98.2,324.1
"WEEK OF JUL 30, 2018 (B)",Hulu-Castle Rock : Online,54.6,0,12.5,0,0,0,0,0,0,0,0,42.1
"WEEK OF JUL 30, 2018 (B)",Hulu-Marvel Runaways : Online,1.9,0,1.9,0,0,0,0,0,0,0,0,0
"WEEK OF JUL 30, 2018 (B)",Hulu-Superstore : Online,14.6,0,14.6,0,0,0,0,0,0,0,0,0
"WEEK OF AUG 06, 2018 (B)",Hulu : Online,102.4,0,0,0,0,0,0,0,0,0,102.4,0
"WEEK OF AUG 06, 2018 (B)",Hulu-Castle Rock : Online,7.4,0,7.4,0,0,0,0,0,0,0,0,0
"WEEK OF AUG 06, 2018 (B)",Hulu-Superstore : Online,105.4,0,105.4,0,0,0,0,0,0,0,0,0
"WEEK OF AUG 13, 2018 (B)",Hulu : Online,102.4,0,0,0,0,0,0,0,0,0,102.4,0
"WEEK OF AUG 13, 2018 (B)",Hulu-Castle Rock : Online,11.9,0,11.9,0,0,0,0,0,0,0,0,0
"WEEK OF AUG 13, 2018 (B)",Hulu-Minding The Gap : Online,4.3,0,0,0,0,0,0,0,4.3,0,0,0
"WEEK OF AUG 13, 2018 (B)",Hulu-Superstore : Online,73.9,0,73.9,0,0,0,0,0,0,0,0,0
"WEEK OF AUG 20, 2018 (B)",Hulu : Online,102.4,0,0,0,0,0,0,0,0,0,102.4,0
"WEEK OF AUG 20, 2018 (B)",Hulu-American Crime : Online,47.6,0,0,0,0,0,0,47.6,0,0,0,0
"WEEK OF AUG 20, 2018 (B)",Hulu-Castle Rock : Online,9.1,0,9.1,0,0,0,0,0,0,0,0,0
"WEEK OF AUG 27, 2018 (B)",Hulu : Online,762.5,0,0,0,0,0,0,0,0,0,86.5,676
"WEEK OF AUG 27, 2018 (B)",Hulu-Castle Rock : Online,113.9,0,113.9,0,0,0,0,0,0,0,0,0
"WEEK OF AUG 27, 2018 (B)",Hulu-Crime & Punishment : Online,4.3,0,0,0,0,0,0,0,4.3,0,0,0
"WEEK OF SEP 03, 2018 (B)",Hulu : Online,597.4,508.1,0,0,42.7,0,0,0,0,0,46.5,0
"WEEK OF SEP 03, 2018 (B)",Hulu-College Football : Online,91.9,75.9,15.8,0,0.2,0,0,0,0,0,0,0
"WEEK OF SEP 10, 2018 (B)",Hulu : Online,660.6,584,23,0,7,0,0,0,0,0,46.5,0
"WEEK OF SEP 10, 2018 (B)",Hulu With Live TV : Online,1.8,0,0,0,1.8,0,0,0,0,0,0,0
"WEEK OF SEP 17, 2018 (B)",Hulu : Online,4422.4,4042.4,333.4,0,0,0,0,0,0,0,46.5,0
"WEEK OF SEP 17, 2018 (B)",Hulu With Live TV : Online,1015.6,712,277,0,26.6,0,0,0,0,0,0,0
"WEEK OF SEP 17, 2018 (B)",Hulu-First : Online,32,0,32,0,0,0,0,0,0,0,0,0
"WEEK OF SEP 24, 2018 (B)",Hulu : Online,4492.1,4193.6,178.6,0,73.4,0,0,0,0,0,46.5,0
"WEEK OF SEP 24, 2018 (B)",Hulu With Live TV : Online,1662.9,1126.5,536.1,0,0.3,0,0,0,0,0,0,0
"WEEK OF OCT 01, 2018 (B)",Hulu : Online,2176.7,1048.1,408.2,0,49,0,0,0,0,0,34.6,636.9
"WEEK OF OCT 01, 2018 (B)",Hulu With Live TV : Online,1836.6,1445.8,385.3,0,5.5,0,0,0,0,0,0,0
"WEEK OF OCT 01, 2018 (B)",Hulu-Main Street : Online,26.8,0,0,0,26.8,0,0,0,0,0,0,0